Ligand,Receptor,RouteNumber,Combine
Tgfb1,TGFBR1,6,TGFB1_TGFBR1_6
Tgfb1,TGFBR2,6,TGFB1_TGFBR2_6
Tgfb2,TGFBR1,6,TGFB2_TGFBR1_6
Tgfb2,TGFBR2,6,TGFB2_TGFBR2_6
Tgfb3,TGFBR1,6,TGFB3_TGFBR1_6
Tgfb3,TGFBR2,6,TGFB3_TGFBR2_6
Tgfb1,TGFBR2,6,TGFB1_TGFBR2_6
Tgfb1,TGFBR2,6,TGFB1_TGFBR2_6
Tgfb2,TGFBR2,6,TGFB2_TGFBR2_6
Tgfb2,TGFBR2,6,TGFB2_TGFBR2_6
Tgfb3,TGFBR2,6,TGFB3_TGFBR2_6
Tgfb3,TGFBR2,6,TGFB3_TGFBR2_6
Tgfb1,TGFBR1,6,TGFB1_TGFBR1_6
Tgfb1,TGFBR2,6,TGFB1_TGFBR2_6
Tgfb2,TGFBR1,6,TGFB2_TGFBR1_6
Tgfb2,TGFBR2,6,TGFB2_TGFBR2_6
Tgfb3,TGFBR1,6,TGFB3_TGFBR1_6
Tgfb3,TGFBR2,6,TGFB3_TGFBR2_6
Gdf11,TGFBR1,6,GDF11_TGFBR1_6
Gdf11,TGFBR1,6,GDF11_TGFBR1_6
Gdf15,TGFBR2,6,GDF15_TGFBR2_6
Mstn,TGFBR1,6,MSTN_TGFBR1_6
Mstn,TGFBR1,6,MSTN_TGFBR1_6
Egf,EGFR,7,EGF_EGFR_7
Egf,EGFR,8,EGF_EGFR_8
Egf,EGFR,9,EGF_EGFR_9
Egf,EGFR,54,EGF_EGFR_54
Egf,EGFR,55,EGF_EGFR_55
Egf,EGFR,56,EGF_EGFR_56
Egf,EGFR,57,EGF_EGFR_57
Egf,EGFR,58,EGF_EGFR_58
Egf,EGFR,59,EGF_EGFR_59
Egf,EGFR,118,EGF_EGFR_118
Egf,EGFR,125,EGF_EGFR_125
Egf,EGFR,128,EGF_EGFR_128
Egf,EGFR,270,EGF_EGFR_270
Egf,EGFR,271,EGF_EGFR_271
Egf,EGFR,272,EGF_EGFR_272
Egf,EGFR,281,EGF_EGFR_281
Egf,EGFR,7,EGF_EGFR_7
Egf,ERBB2,7,EGF_ERBB2_7
Egf,EGFR,8,EGF_EGFR_8
Egf,ERBB2,8,EGF_ERBB2_8
Egf,EGFR,9,EGF_EGFR_9
Egf,ERBB2,9,EGF_ERBB2_9
Egf,EGFR,54,EGF_EGFR_54
Egf,EGFR,55,EGF_EGFR_55
Egf,EGFR,56,EGF_EGFR_56
Egf,EGFR,57,EGF_EGFR_57
Egf,EGFR,58,EGF_EGFR_58
Egf,EGFR,59,EGF_EGFR_59
Egf,EGFR,118,EGF_EGFR_118
Egf,EGFR,125,EGF_EGFR_125
Egf,EGFR,128,EGF_EGFR_128
Egf,EGFR,270,EGF_EGFR_270
Egf,EGFR,271,EGF_EGFR_271
Egf,EGFR,272,EGF_EGFR_272
Egf,EGFR,281,EGF_EGFR_281
Tgfa,EGFR,7,TGFA_EGFR_7
Tgfa,EGFR,8,TGFA_EGFR_8
Tgfa,EGFR,9,TGFA_EGFR_9
Tgfa,EGFR,54,TGFA_EGFR_54
Tgfa,EGFR,55,TGFA_EGFR_55
Tgfa,EGFR,56,TGFA_EGFR_56
Tgfa,EGFR,57,TGFA_EGFR_57
Tgfa,EGFR,58,TGFA_EGFR_58
Tgfa,EGFR,59,TGFA_EGFR_59
Tgfa,EGFR,118,TGFA_EGFR_118
Tgfa,EGFR,125,TGFA_EGFR_125
Tgfa,EGFR,128,TGFA_EGFR_128
Tgfa,EGFR,270,TGFA_EGFR_270
Tgfa,EGFR,271,TGFA_EGFR_271
Tgfa,EGFR,272,TGFA_EGFR_272
Tgfa,EGFR,281,TGFA_EGFR_281
Tgfa,EGFR,7,TGFA_EGFR_7
Tgfa,ERBB2,7,TGFA_ERBB2_7
Tgfa,EGFR,8,TGFA_EGFR_8
Tgfa,ERBB2,8,TGFA_ERBB2_8
Tgfa,EGFR,9,TGFA_EGFR_9
Tgfa,ERBB2,9,TGFA_ERBB2_9
Tgfa,EGFR,54,TGFA_EGFR_54
Tgfa,EGFR,55,TGFA_EGFR_55
Tgfa,EGFR,56,TGFA_EGFR_56
Tgfa,EGFR,57,TGFA_EGFR_57
Tgfa,EGFR,58,TGFA_EGFR_58
Tgfa,EGFR,59,TGFA_EGFR_59
Tgfa,EGFR,118,TGFA_EGFR_118
Tgfa,EGFR,125,TGFA_EGFR_125
Tgfa,EGFR,128,TGFA_EGFR_128
Tgfa,EGFR,270,TGFA_EGFR_270
Tgfa,EGFR,271,TGFA_EGFR_271
Tgfa,EGFR,272,TGFA_EGFR_272
Tgfa,EGFR,281,TGFA_EGFR_281
Areg,EGFR,7,AREG_EGFR_7
Areg,EGFR,8,AREG_EGFR_8
Areg,EGFR,9,AREG_EGFR_9
Areg,EGFR,54,AREG_EGFR_54
Areg,EGFR,55,AREG_EGFR_55
Areg,EGFR,56,AREG_EGFR_56
Areg,EGFR,57,AREG_EGFR_57
Areg,EGFR,58,AREG_EGFR_58
Areg,EGFR,59,AREG_EGFR_59
Areg,EGFR,118,AREG_EGFR_118
Areg,EGFR,125,AREG_EGFR_125
Areg,EGFR,128,AREG_EGFR_128
Areg,EGFR,270,AREG_EGFR_270
Areg,EGFR,271,AREG_EGFR_271
Areg,EGFR,272,AREG_EGFR_272
Areg,EGFR,281,AREG_EGFR_281
Areg,EGFR,7,AREG_EGFR_7
Areg,ERBB2,7,AREG_ERBB2_7
Areg,EGFR,8,AREG_EGFR_8
Areg,ERBB2,8,AREG_ERBB2_8
Areg,EGFR,9,AREG_EGFR_9
Areg,ERBB2,9,AREG_ERBB2_9
Areg,EGFR,54,AREG_EGFR_54
Areg,EGFR,55,AREG_EGFR_55
Areg,EGFR,56,AREG_EGFR_56
Areg,EGFR,57,AREG_EGFR_57
Areg,EGFR,58,AREG_EGFR_58
Areg,EGFR,59,AREG_EGFR_59
Areg,EGFR,118,AREG_EGFR_118
Areg,EGFR,125,AREG_EGFR_125
Areg,EGFR,128,AREG_EGFR_128
Areg,EGFR,270,AREG_EGFR_270
Areg,EGFR,271,AREG_EGFR_271
Areg,EGFR,272,AREG_EGFR_272
Areg,EGFR,281,AREG_EGFR_281
Btc,EGFR,7,BTC_EGFR_7
Btc,EGFR,8,BTC_EGFR_8
Btc,EGFR,9,BTC_EGFR_9
Btc,EGFR,54,BTC_EGFR_54
Btc,EGFR,55,BTC_EGFR_55
Btc,EGFR,56,BTC_EGFR_56
Btc,EGFR,57,BTC_EGFR_57
Btc,EGFR,58,BTC_EGFR_58
Btc,EGFR,59,BTC_EGFR_59
Btc,EGFR,118,BTC_EGFR_118
Btc,EGFR,125,BTC_EGFR_125
Btc,EGFR,128,BTC_EGFR_128
Btc,EGFR,270,BTC_EGFR_270
Btc,EGFR,271,BTC_EGFR_271
Btc,EGFR,272,BTC_EGFR_272
Btc,EGFR,281,BTC_EGFR_281
Btc,EGFR,7,BTC_EGFR_7
Btc,ERBB2,7,BTC_ERBB2_7
Btc,EGFR,8,BTC_EGFR_8
Btc,ERBB2,8,BTC_ERBB2_8
Btc,EGFR,9,BTC_EGFR_9
Btc,ERBB2,9,BTC_ERBB2_9
Btc,EGFR,54,BTC_EGFR_54
Btc,EGFR,55,BTC_EGFR_55
Btc,EGFR,56,BTC_EGFR_56
Btc,EGFR,57,BTC_EGFR_57
Btc,EGFR,58,BTC_EGFR_58
Btc,EGFR,59,BTC_EGFR_59
Btc,EGFR,118,BTC_EGFR_118
Btc,EGFR,125,BTC_EGFR_125
Btc,EGFR,128,BTC_EGFR_128
Btc,EGFR,270,BTC_EGFR_270
Btc,EGFR,271,BTC_EGFR_271
Btc,EGFR,272,BTC_EGFR_272
Btc,EGFR,281,BTC_EGFR_281
Btc,ERBB2,7,BTC_ERBB2_7
Btc,ERBB2,8,BTC_ERBB2_8
Btc,ERBB2,9,BTC_ERBB2_9
Hbegf,EGFR,7,HBEGF_EGFR_7
Hbegf,EGFR,8,HBEGF_EGFR_8
Hbegf,EGFR,9,HBEGF_EGFR_9
Hbegf,EGFR,54,HBEGF_EGFR_54
Hbegf,EGFR,55,HBEGF_EGFR_55
Hbegf,EGFR,56,HBEGF_EGFR_56
Hbegf,EGFR,57,HBEGF_EGFR_57
Hbegf,EGFR,58,HBEGF_EGFR_58
Hbegf,EGFR,59,HBEGF_EGFR_59
Hbegf,EGFR,118,HBEGF_EGFR_118
Hbegf,EGFR,125,HBEGF_EGFR_125
Hbegf,EGFR,128,HBEGF_EGFR_128
Hbegf,EGFR,270,HBEGF_EGFR_270
Hbegf,EGFR,271,HBEGF_EGFR_271
Hbegf,EGFR,272,HBEGF_EGFR_272
Hbegf,EGFR,281,HBEGF_EGFR_281
Hbegf,EGFR,7,HBEGF_EGFR_7
Hbegf,ERBB2,7,HBEGF_ERBB2_7
Hbegf,EGFR,8,HBEGF_EGFR_8
Hbegf,ERBB2,8,HBEGF_ERBB2_8
Hbegf,EGFR,9,HBEGF_EGFR_9
Hbegf,ERBB2,9,HBEGF_ERBB2_9
Hbegf,EGFR,54,HBEGF_EGFR_54
Hbegf,EGFR,55,HBEGF_EGFR_55
Hbegf,EGFR,56,HBEGF_EGFR_56
Hbegf,EGFR,57,HBEGF_EGFR_57
Hbegf,EGFR,58,HBEGF_EGFR_58
Hbegf,EGFR,59,HBEGF_EGFR_59
Hbegf,EGFR,118,HBEGF_EGFR_118
Hbegf,EGFR,125,HBEGF_EGFR_125
Hbegf,EGFR,128,HBEGF_EGFR_128
Hbegf,EGFR,270,HBEGF_EGFR_270
Hbegf,EGFR,271,HBEGF_EGFR_271
Hbegf,EGFR,272,HBEGF_EGFR_272
Hbegf,EGFR,281,HBEGF_EGFR_281
Hbegf,ERBB2,7,HBEGF_ERBB2_7
Hbegf,ERBB2,8,HBEGF_ERBB2_8
Hbegf,ERBB2,9,HBEGF_ERBB2_9
Ereg,EGFR,7,EREG_EGFR_7
Ereg,EGFR,8,EREG_EGFR_8
Ereg,EGFR,9,EREG_EGFR_9
Ereg,EGFR,54,EREG_EGFR_54
Ereg,EGFR,55,EREG_EGFR_55
Ereg,EGFR,56,EREG_EGFR_56
Ereg,EGFR,57,EREG_EGFR_57
Ereg,EGFR,58,EREG_EGFR_58
Ereg,EGFR,59,EREG_EGFR_59
Ereg,EGFR,118,EREG_EGFR_118
Ereg,EGFR,125,EREG_EGFR_125
Ereg,EGFR,128,EREG_EGFR_128
Ereg,EGFR,270,EREG_EGFR_270
Ereg,EGFR,271,EREG_EGFR_271
Ereg,EGFR,272,EREG_EGFR_272
Ereg,EGFR,281,EREG_EGFR_281
Ereg,EGFR,7,EREG_EGFR_7
Ereg,ERBB2,7,EREG_ERBB2_7
Ereg,EGFR,8,EREG_EGFR_8
Ereg,ERBB2,8,EREG_ERBB2_8
Ereg,EGFR,9,EREG_EGFR_9
Ereg,ERBB2,9,EREG_ERBB2_9
Ereg,EGFR,54,EREG_EGFR_54
Ereg,EGFR,55,EREG_EGFR_55
Ereg,EGFR,56,EREG_EGFR_56
Ereg,EGFR,57,EREG_EGFR_57
Ereg,EGFR,58,EREG_EGFR_58
Ereg,EGFR,59,EREG_EGFR_59
Ereg,EGFR,118,EREG_EGFR_118
Ereg,EGFR,125,EREG_EGFR_125
Ereg,EGFR,128,EREG_EGFR_128
Ereg,EGFR,270,EREG_EGFR_270
Ereg,EGFR,271,EREG_EGFR_271
Ereg,EGFR,272,EREG_EGFR_272
Ereg,EGFR,281,EREG_EGFR_281
Ereg,ERBB2,7,EREG_ERBB2_7
Ereg,ERBB2,8,EREG_ERBB2_8
Ereg,ERBB2,9,EREG_ERBB2_9
Nrg1,ERBB2,7,NRG1_ERBB2_7
Nrg1,ERBB2,8,NRG1_ERBB2_8
Nrg1,ERBB2,9,NRG1_ERBB2_9
Nrg1,ERBB2,7,NRG1_ERBB2_7
Nrg1,ERBB2,8,NRG1_ERBB2_8
Nrg1,ERBB2,9,NRG1_ERBB2_9
Nrg2,ERBB2,7,NRG2_ERBB2_7
Nrg2,ERBB2,8,NRG2_ERBB2_8
Nrg2,ERBB2,9,NRG2_ERBB2_9
Nrg2,ERBB2,7,NRG2_ERBB2_7
Nrg2,ERBB2,8,NRG2_ERBB2_8
Nrg2,ERBB2,9,NRG2_ERBB2_9
Nrg3,ERBB2,7,NRG3_ERBB2_7
Nrg3,ERBB2,8,NRG3_ERBB2_8
Nrg3,ERBB2,9,NRG3_ERBB2_9
Nrg4,ERBB2,7,NRG4_ERBB2_7
Nrg4,ERBB2,8,NRG4_ERBB2_8
Nrg4,ERBB2,9,NRG4_ERBB2_9
Nrg1,ITGAV,344,NRG1_ITGAV_344
Nrg1,ITGB3,344,NRG1_ITGB3_344
Nrg1,ITGAV,345,NRG1_ITGAV_345
Nrg1,ITGB3,345,NRG1_ITGB3_345
Nrg1,ITGAV,346,NRG1_ITGAV_346
Nrg1,ITGB3,346,NRG1_ITGB3_346
Nrg1,ITGAV,347,NRG1_ITGAV_347
Nrg1,ITGB3,347,NRG1_ITGB3_347
Nrg1,ITGAV,348,NRG1_ITGAV_348
Nrg1,ITGB3,348,NRG1_ITGB3_348
Nrg1,ITGAV,349,NRG1_ITGAV_349
Nrg1,ITGB3,349,NRG1_ITGB3_349
Nrg1,ITGAV,350,NRG1_ITGAV_350
Nrg1,ITGB3,350,NRG1_ITGB3_350
Nrg1,ITGAV,351,NRG1_ITGAV_351
Nrg1,ITGB3,351,NRG1_ITGB3_351
Nrg1,ITGAV,352,NRG1_ITGAV_352
Nrg1,ITGB3,352,NRG1_ITGB3_352
Fgf1,FGFR1,6,FGF1_FGFR1_6
Fgf2,FGFR1,6,FGF2_FGFR1_6
Fgf4,FGFR1,6,FGF4_FGFR1_6
Fgf5,FGFR1,6,FGF5_FGFR1_6
Fgf6,FGFR1,6,FGF6_FGFR1_6
Fgf7,FGFR1,6,FGF7_FGFR1_6
Fgf3,FGFR1,6,FGF3_FGFR1_6
Fgf10,FGFR1,6,FGF10_FGFR1_6
Fgf8,FGFR1,6,FGF8_FGFR1_6
Fgf17,FGFR1,6,FGF17_FGFR1_6
Fgf18,FGFR1,6,FGF18_FGFR1_6
Fgf9,FGFR1,6,FGF9_FGFR1_6
Fgf20,FGFR1,6,FGF20_FGFR1_6
Fgf16,FGFR1,6,FGF16_FGFR1_6
Fgf15,FGFR1,6,FGF15_FGFR1_6
Fgf21,FGFR1,6,FGF21_FGFR1_6
Fgf23,FGFR1,6,FGF23_FGFR1_6
Vegfa,KDR,379,VEGFA_KDR_379
Vegfa,KDR,380,VEGFA_KDR_380
Vegfc,KDR,379,VEGFC_KDR_379
Vegfc,KDR,380,VEGFC_KDR_380
Vegfd,KDR,379,VEGFD_KDR_379
Vegfd,KDR,380,VEGFD_KDR_380
Vegfa,KDR,379,VEGFA_KDR_379
Vegfa,KDR,380,VEGFA_KDR_380
Vegfc,KDR,379,VEGFC_KDR_379
Vegfc,KDR,380,VEGFC_KDR_380
Vegfd,KDR,379,VEGFD_KDR_379
Vegfd,KDR,380,VEGFD_KDR_380
Igf1,IGF1R,3,IGF1_IGF1R_3
Igf1,IGF1R,15,IGF1_IGF1R_15
Igf1,IGF1R,119,IGF1_IGF1R_119
Igf1,IGF1R,120,IGF1_IGF1R_120
Igf1,IGF1R,121,IGF1_IGF1R_121
Igf1,IGF1R,122,IGF1_IGF1R_122
Igf1,IGF1R,146,IGF1_IGF1R_146
Igf1,IGF1R,147,IGF1_IGF1R_147
Igf2,IGF1R,3,IGF2_IGF1R_3
Igf2,IGF1R,15,IGF2_IGF1R_15
Igf2,IGF1R,119,IGF2_IGF1R_119
Igf2,IGF1R,120,IGF2_IGF1R_120
Igf2,IGF1R,121,IGF2_IGF1R_121
Igf2,IGF1R,122,IGF2_IGF1R_122
Igf2,IGF1R,146,IGF2_IGF1R_146
Igf2,IGF1R,147,IGF2_IGF1R_147
Igf1,ITGAV,344,IGF1_ITGAV_344
Igf1,ITGB3,344,IGF1_ITGB3_344
Igf1,ITGAV,345,IGF1_ITGAV_345
Igf1,ITGB3,345,IGF1_ITGB3_345
Igf1,ITGAV,346,IGF1_ITGAV_346
Igf1,ITGB3,346,IGF1_ITGB3_346
Igf1,ITGAV,347,IGF1_ITGAV_347
Igf1,ITGB3,347,IGF1_ITGB3_347
Igf1,ITGAV,348,IGF1_ITGAV_348
Igf1,ITGB3,348,IGF1_ITGB3_348
Igf1,ITGAV,349,IGF1_ITGAV_349
Igf1,ITGB3,349,IGF1_ITGB3_349
Igf1,ITGAV,350,IGF1_ITGAV_350
Igf1,ITGB3,350,IGF1_ITGB3_350
Igf1,ITGAV,351,IGF1_ITGAV_351
Igf1,ITGB3,351,IGF1_ITGB3_351
Igf1,ITGAV,352,IGF1_ITGAV_352
Igf1,ITGB3,352,IGF1_ITGB3_352
Igf2,ITGAV,344,IGF2_ITGAV_344
Igf2,ITGB3,344,IGF2_ITGB3_344
Igf2,ITGAV,345,IGF2_ITGAV_345
Igf2,ITGB3,345,IGF2_ITGB3_345
Igf2,ITGAV,346,IGF2_ITGAV_346
Igf2,ITGB3,346,IGF2_ITGB3_346
Igf2,ITGAV,347,IGF2_ITGAV_347
Igf2,ITGB3,347,IGF2_ITGB3_347
Igf2,ITGAV,348,IGF2_ITGAV_348
Igf2,ITGB3,348,IGF2_ITGB3_348
Igf2,ITGAV,349,IGF2_ITGAV_349
Igf2,ITGB3,349,IGF2_ITGB3_349
Igf2,ITGAV,350,IGF2_ITGAV_350
Igf2,ITGB3,350,IGF2_ITGB3_350
Igf2,ITGAV,351,IGF2_ITGAV_351
Igf2,ITGB3,351,IGF2_ITGB3_351
Igf2,ITGAV,352,IGF2_ITGAV_352
Igf2,ITGB3,352,IGF2_ITGB3_352
Ins1,INSR,14,INS1_INSR_14
Ins1,INSR,51,INS1_INSR_51
Ins1,INSR,52,INS1_INSR_52
Ins1,INSR,53,INS1_INSR_53
Ins1,INSR,114,INS1_INSR_114
Ins1,INSR,115,INS1_INSR_115
Ins1,INSR,116,INS1_INSR_116
Ins1,INSR,117,INS1_INSR_117
Ins1,INSR,141,INS1_INSR_141
Ins1,INSR,142,INS1_INSR_142
Ins1,INSR,143,INS1_INSR_143
Ins1,INSR,144,INS1_INSR_144
Ins1,INSR,145,INS1_INSR_145
Ins1,INSR,148,INS1_INSR_148
Ins1,INSR,149,INS1_INSR_149
Ins2,INSR,14,INS2_INSR_14
Ins2,INSR,51,INS2_INSR_51
Ins2,INSR,52,INS2_INSR_52
Ins2,INSR,53,INS2_INSR_53
Ins2,INSR,114,INS2_INSR_114
Ins2,INSR,115,INS2_INSR_115
Ins2,INSR,116,INS2_INSR_116
Ins2,INSR,117,INS2_INSR_117
Ins2,INSR,141,INS2_INSR_141
Ins2,INSR,142,INS2_INSR_142
Ins2,INSR,143,INS2_INSR_143
Ins2,INSR,144,INS2_INSR_144
Ins2,INSR,145,INS2_INSR_145
Ins2,INSR,148,INS2_INSR_148
Ins2,INSR,149,INS2_INSR_149
Apln,APLNR,28,APLN_APLNR_28
Apln,APLNR,29,APLN_APLNR_29
Apln,APLNR,30,APLN_APLNR_30
Apln,APLNR,31,APLN_APLNR_31
Apln,APLNR,32,APLN_APLNR_32
Apln,APLNR,33,APLN_APLNR_33
Il1a,IL1R1,241,IL1A_IL1R1_241
Il1a,IL1R1,263,IL1A_IL1R1_263
Il1a,IL1R1,264,IL1A_IL1R1_264
Il1b,IL1R1,241,IL1B_IL1R1_241
Il1b,IL1R1,263,IL1B_IL1R1_263
Il1b,IL1R1,264,IL1B_IL1R1_264
Il17a,IL17RA,136,IL17A_IL17RA_136
Il17a,IL17RA,137,IL17A_IL17RA_137
Il17f,IL17RA,136,IL17F_IL17RA_136
Il17f,IL17RA,137,IL17F_IL17RA_137
Il17a_Il17f,IL17RA,136,IL17A_IL17F_IL17RA_136
Il17a_Il17f,IL17RA,137,IL17A_IL17F_IL17RA_137
Il17c,IL17RA,136,IL17C_IL17RA_136
Il17c,IL17RA,137,IL17C_IL17RA_137
Il25,IL17RA,136,IL25_IL17RA_136
Il25,IL17RA,137,IL25_IL17RA_137
Il16,CD4,247,IL16_CD4_247
Il16,CD4,248,IL16_CD4_248
Il16,CD4,341,IL16_CD4_341
Il16,CD4,342,IL16_CD4_342
Il16,CD4,343,IL16_CD4_343
Il16,CD4,344,IL16_CD4_344
Il16,CD4,345,IL16_CD4_345
Il16,CD4,346,IL16_CD4_346
Il16,CD4,347,IL16_CD4_347
Tnf,TNFRSF1A,13,TNF_TNFRSF1A_13
Tnf,TNFRSF1A,36,TNF_TNFRSF1A_36
Tnf,TNFRSF1A,37,TNF_TNFRSF1A_37
Tnf,TNFRSF1A,38,TNF_TNFRSF1A_38
Tnf,TNFRSF1A,153,TNF_TNFRSF1A_153
Tnf,TNFRSF1A,154,TNF_TNFRSF1A_154
Tnf,TNFRSF1A,155,TNF_TNFRSF1A_155
Tnf,TNFRSF1A,156,TNF_TNFRSF1A_156
Tnf,TNFRSF1A,157,TNF_TNFRSF1A_157
Tnf,TNFRSF1A,158,TNF_TNFRSF1A_158
Tnf,TNFRSF1A,159,TNF_TNFRSF1A_159
Tnf,TNFRSF1A,160,TNF_TNFRSF1A_160
Tnf,TNFRSF1A,161,TNF_TNFRSF1A_161
Tnf,TNFRSF1A,162,TNF_TNFRSF1A_162
Tnf,TNFRSF1A,163,TNF_TNFRSF1A_163
Tnf,TNFRSF1A,164,TNF_TNFRSF1A_164
Tnf,TNFRSF1A,165,TNF_TNFRSF1A_165
Tnf,TNFRSF1A,166,TNF_TNFRSF1A_166
Tnf,TNFRSF1A,242,TNF_TNFRSF1A_242
Tnf,TNFRSF1A,265,TNF_TNFRSF1A_265
Tnf,TNFRSF1A,266,TNF_TNFRSF1A_266
Tnf,TNFRSF1A,355,TNF_TNFRSF1A_355
Tnf,TNFRSF1A,356,TNF_TNFRSF1A_356
Tnf,TNFRSF1A,357,TNF_TNFRSF1A_357
Tnf,TNFRSF1A,358,TNF_TNFRSF1A_358
Tnf,TNFRSF1A,359,TNF_TNFRSF1A_359
Tnf,TNFRSF1A,360,TNF_TNFRSF1A_360
Tnf,TNFRSF1A,361,TNF_TNFRSF1A_361
Tnf,TNFRSF1A,362,TNF_TNFRSF1A_362
Tnf,TNFRSF1A,363,TNF_TNFRSF1A_363
Tnf,TNFRSF1B,12,TNF_TNFRSF1B_12
Lta,TNFRSF1A,13,LTA_TNFRSF1A_13
Lta,TNFRSF1A,36,LTA_TNFRSF1A_36
Lta,TNFRSF1A,37,LTA_TNFRSF1A_37
Lta,TNFRSF1A,38,LTA_TNFRSF1A_38
Lta,TNFRSF1A,153,LTA_TNFRSF1A_153
Lta,TNFRSF1A,154,LTA_TNFRSF1A_154
Lta,TNFRSF1A,155,LTA_TNFRSF1A_155
Lta,TNFRSF1A,156,LTA_TNFRSF1A_156
Lta,TNFRSF1A,157,LTA_TNFRSF1A_157
Lta,TNFRSF1A,158,LTA_TNFRSF1A_158
Lta,TNFRSF1A,159,LTA_TNFRSF1A_159
Lta,TNFRSF1A,160,LTA_TNFRSF1A_160
Lta,TNFRSF1A,161,LTA_TNFRSF1A_161
Lta,TNFRSF1A,162,LTA_TNFRSF1A_162
Lta,TNFRSF1A,163,LTA_TNFRSF1A_163
Lta,TNFRSF1A,164,LTA_TNFRSF1A_164
Lta,TNFRSF1A,165,LTA_TNFRSF1A_165
Lta,TNFRSF1A,166,LTA_TNFRSF1A_166
Lta,TNFRSF1A,242,LTA_TNFRSF1A_242
Lta,TNFRSF1A,265,LTA_TNFRSF1A_265
Lta,TNFRSF1A,266,LTA_TNFRSF1A_266
Lta,TNFRSF1A,355,LTA_TNFRSF1A_355
Lta,TNFRSF1A,356,LTA_TNFRSF1A_356
Lta,TNFRSF1A,357,LTA_TNFRSF1A_357
Lta,TNFRSF1A,358,LTA_TNFRSF1A_358
Lta,TNFRSF1A,359,LTA_TNFRSF1A_359
Lta,TNFRSF1A,360,LTA_TNFRSF1A_360
Lta,TNFRSF1A,361,LTA_TNFRSF1A_361
Lta,TNFRSF1A,362,LTA_TNFRSF1A_362
Lta,TNFRSF1A,363,LTA_TNFRSF1A_363
Lta,TNFRSF1B,12,LTA_TNFRSF1B_12
Lta_Ltb,LTBR,243,LTA_LTB_LTBR_243
Lta_Ltb,LTBR,244,LTA_LTB_LTBR_244
Tnfsf14,LTBR,243,TNFSF14_LTBR_243
Tnfsf14,LTBR,244,TNFSF14_LTBR_244
Fasl,FAS,39,FASL_FAS_39
Fasl,FAS,40,FASL_FAS_40
Eda,EDA2R,257,EDA_EDA2R_257
Eda,EDA2R,258,EDA_EDA2R_258
Ngf,NGFR,231,NGF_NGFR_231
Ngf,NGFR,232,NGF_NGFR_232
Ngf,NGFR,233,NGF_NGFR_233
Ngf,NGFR,234,NGF_NGFR_234
Ngf,NGFR,235,NGF_NGFR_235
Ngf,NGFR,236,NGF_NGFR_236
Ngf,NGFR,237,NGF_NGFR_237
Ngf,NGFR,238,NGF_NGFR_238
Ngf,NGFR,239,NGF_NGFR_239
Ngf,NGFR,240,NGF_NGFR_240
Klk1b4,NGFR,231,KLK1B4_NGFR_231
Klk1b4,NGFR,232,KLK1B4_NGFR_232
Klk1b4,NGFR,233,KLK1B4_NGFR_233
Klk1b4,NGFR,234,KLK1B4_NGFR_234
Klk1b4,NGFR,235,KLK1B4_NGFR_235
Klk1b4,NGFR,236,KLK1B4_NGFR_236
Klk1b4,NGFR,237,KLK1B4_NGFR_237
Klk1b4,NGFR,238,KLK1B4_NGFR_238
Klk1b4,NGFR,239,KLK1B4_NGFR_239
Klk1b4,NGFR,240,KLK1B4_NGFR_240
Tnfsf11,TNFRSF11A,253,TNFSF11_TNFRSF11A_253
Tnfsf11,TNFRSF11A,254,TNFSF11_TNFRSF11A_254
Tnfsf11,TNFRSF11A,259,TNFSF11_TNFRSF11A_259
Tnfsf11,TNFRSF11A,260,TNFSF11_TNFRSF11A_260
Tnfsf11,TNFRSF11A,261,TNFSF11_TNFRSF11A_261
Tnfsf11,TNFRSF11A,262,TNFSF11_TNFRSF11A_262
Tnfsf13b,TNFRSF13C,245,TNFSF13B_TNFRSF13C_245
Tnfsf13b,TNFRSF13C,246,TNFSF13B_TNFRSF13C_246
Cd40lg,ITGB3,344,CD40LG_ITGB3_344
Cd40lg,ITGB3,345,CD40LG_ITGB3_345
Cd40lg,ITGB3,346,CD40LG_ITGB3_346
Cd40lg,ITGB3,347,CD40LG_ITGB3_347
Cd40lg,ITGB3,348,CD40LG_ITGB3_348
Cd40lg,ITGB3,349,CD40LG_ITGB3_349
Cd40lg,ITGB3,350,CD40LG_ITGB3_350
Cd40lg,ITGB3,351,CD40LG_ITGB3_351
Cd40lg,ITGB3,352,CD40LG_ITGB3_352
Cd40lg,ITGB2,179,CD40LG_ITGB2_179
Cd40lg,ITGB2,180,CD40LG_ITGB2_180
Spp1,ITGAV,344,SPP1_ITGAV_344
Spp1,ITGB3,344,SPP1_ITGB3_344
Spp1,ITGAV,345,SPP1_ITGAV_345
Spp1,ITGB3,345,SPP1_ITGB3_345
Spp1,ITGAV,346,SPP1_ITGAV_346
Spp1,ITGB3,346,SPP1_ITGB3_346
Spp1,ITGAV,347,SPP1_ITGAV_347
Spp1,ITGB3,347,SPP1_ITGB3_347
Spp1,ITGAV,348,SPP1_ITGAV_348
Spp1,ITGB3,348,SPP1_ITGB3_348
Spp1,ITGAV,349,SPP1_ITGAV_349
Spp1,ITGB3,349,SPP1_ITGB3_349
Spp1,ITGAV,350,SPP1_ITGAV_350
Spp1,ITGB3,350,SPP1_ITGB3_350
Spp1,ITGAV,351,SPP1_ITGAV_351
Spp1,ITGB3,351,SPP1_ITGB3_351
Spp1,ITGAV,352,SPP1_ITGAV_352
Spp1,ITGB3,352,SPP1_ITGB3_352
Spp1,ITGAV,344,SPP1_ITGAV_344
Spp1,ITGAV,345,SPP1_ITGAV_345
Spp1,ITGAV,346,SPP1_ITGAV_346
Spp1,ITGAV,347,SPP1_ITGAV_347
Spp1,ITGAV,348,SPP1_ITGAV_348
Spp1,ITGAV,349,SPP1_ITGAV_349
Spp1,ITGAV,350,SPP1_ITGAV_350
Spp1,ITGAV,351,SPP1_ITGAV_351
Spp1,ITGAV,352,SPP1_ITGAV_352
Spp1,ITGAV,344,SPP1_ITGAV_344
Spp1,ITGAV,345,SPP1_ITGAV_345
Spp1,ITGAV,346,SPP1_ITGAV_346
Spp1,ITGAV,347,SPP1_ITGAV_347
Spp1,ITGAV,348,SPP1_ITGAV_348
Spp1,ITGAV,349,SPP1_ITGAV_349
Spp1,ITGAV,350,SPP1_ITGAV_350
Spp1,ITGAV,351,SPP1_ITGAV_351
Spp1,ITGAV,352,SPP1_ITGAV_352
Spp1,ITGAV,344,SPP1_ITGAV_344
Spp1,ITGAV,345,SPP1_ITGAV_345
Spp1,ITGAV,346,SPP1_ITGAV_346
Spp1,ITGAV,347,SPP1_ITGAV_347
Spp1,ITGAV,348,SPP1_ITGAV_348
Spp1,ITGAV,349,SPP1_ITGAV_349
Spp1,ITGAV,350,SPP1_ITGAV_350
Spp1,ITGAV,351,SPP1_ITGAV_351
Spp1,ITGAV,352,SPP1_ITGAV_352
Retn,TLR4,255,RETN_TLR4_255
Retn,TLR4,256,RETN_TLR4_256
Retn,TLR4,370,RETN_TLR4_370
Retn,TLR4,371,RETN_TLR4_371
Retn,TLR4,372,RETN_TLR4_372
Retn,TLR4,373,RETN_TLR4_373
Retn,TLR4,374,RETN_TLR4_374
Retn,TLR4,375,RETN_TLR4_375
Retn,TLR4,376,RETN_TLR4_376
Retn,TLR4,377,RETN_TLR4_377
Retn,TLR4,378,RETN_TLR4_378
Nampt,INSR,14,NAMPT_INSR_14
Nampt,INSR,51,NAMPT_INSR_51
Nampt,INSR,52,NAMPT_INSR_52
Nampt,INSR,53,NAMPT_INSR_53
Nampt,INSR,114,NAMPT_INSR_114
Nampt,INSR,115,NAMPT_INSR_115
Nampt,INSR,116,NAMPT_INSR_116
Nampt,INSR,117,NAMPT_INSR_117
Nampt,INSR,141,NAMPT_INSR_141
Nampt,INSR,142,NAMPT_INSR_142
Nampt,INSR,143,NAMPT_INSR_143
Nampt,INSR,144,NAMPT_INSR_144
Nampt,INSR,145,NAMPT_INSR_145
Nampt,INSR,148,NAMPT_INSR_148
Nampt,INSR,149,NAMPT_INSR_149
Angptl2,TLR4,255,ANGPTL2_TLR4_255
Angptl2,TLR4,256,ANGPTL2_TLR4_256
Angptl2,TLR4,370,ANGPTL2_TLR4_370
Angptl2,TLR4,371,ANGPTL2_TLR4_371
Angptl2,TLR4,372,ANGPTL2_TLR4_372
Angptl2,TLR4,373,ANGPTL2_TLR4_373
Angptl2,TLR4,374,ANGPTL2_TLR4_374
Angptl2,TLR4,375,ANGPTL2_TLR4_375
Angptl2,TLR4,376,ANGPTL2_TLR4_376
Angptl2,TLR4,377,ANGPTL2_TLR4_377
Angptl2,TLR4,378,ANGPTL2_TLR4_378
Angptl4,ITGAV,344,ANGPTL4_ITGAV_344
Angptl4,ITGB3,344,ANGPTL4_ITGB3_344
Angptl4,ITGAV,345,ANGPTL4_ITGAV_345
Angptl4,ITGB3,345,ANGPTL4_ITGB3_345
Angptl4,ITGAV,346,ANGPTL4_ITGAV_346
Angptl4,ITGB3,346,ANGPTL4_ITGB3_346
Angptl4,ITGAV,347,ANGPTL4_ITGAV_347
Angptl4,ITGB3,347,ANGPTL4_ITGB3_347
Angptl4,ITGAV,348,ANGPTL4_ITGAV_348
Angptl4,ITGB3,348,ANGPTL4_ITGB3_348
Angptl4,ITGAV,349,ANGPTL4_ITGAV_349
Angptl4,ITGB3,349,ANGPTL4_ITGB3_349
Angptl4,ITGAV,350,ANGPTL4_ITGAV_350
Angptl4,ITGB3,350,ANGPTL4_ITGB3_350
Angptl4,ITGAV,351,ANGPTL4_ITGAV_351
Angptl4,ITGB3,351,ANGPTL4_ITGB3_351
Angptl4,ITGAV,352,ANGPTL4_ITGAV_352
Angptl4,ITGB3,352,ANGPTL4_ITGB3_352
Angptl3,ITGAV,344,ANGPTL3_ITGAV_344
Angptl3,ITGB3,344,ANGPTL3_ITGB3_344
Angptl3,ITGAV,345,ANGPTL3_ITGAV_345
Angptl3,ITGB3,345,ANGPTL3_ITGB3_345
Angptl3,ITGAV,346,ANGPTL3_ITGAV_346
Angptl3,ITGB3,346,ANGPTL3_ITGB3_346
Angptl3,ITGAV,347,ANGPTL3_ITGAV_347
Angptl3,ITGB3,347,ANGPTL3_ITGB3_347
Angptl3,ITGAV,348,ANGPTL3_ITGAV_348
Angptl3,ITGB3,348,ANGPTL3_ITGB3_348
Angptl3,ITGAV,349,ANGPTL3_ITGAV_349
Angptl3,ITGB3,349,ANGPTL3_ITGB3_349
Angptl3,ITGAV,350,ANGPTL3_ITGAV_350
Angptl3,ITGB3,350,ANGPTL3_ITGB3_350
Angptl3,ITGAV,351,ANGPTL3_ITGAV_351
Angptl3,ITGB3,351,ANGPTL3_ITGB3_351
Angptl3,ITGAV,352,ANGPTL3_ITGAV_352
Angptl3,ITGB3,352,ANGPTL3_ITGB3_352
Ptn,ITGAV,344,PTN_ITGAV_344
Ptn,ITGB3,344,PTN_ITGB3_344
Ptn,ITGAV,345,PTN_ITGAV_345
Ptn,ITGB3,345,PTN_ITGB3_345
Ptn,ITGAV,346,PTN_ITGAV_346
Ptn,ITGB3,346,PTN_ITGB3_346
Ptn,ITGAV,347,PTN_ITGAV_347
Ptn,ITGB3,347,PTN_ITGB3_347
Ptn,ITGAV,348,PTN_ITGAV_348
Ptn,ITGB3,348,PTN_ITGB3_348
Ptn,ITGAV,349,PTN_ITGAV_349
Ptn,ITGB3,349,PTN_ITGB3_349
Ptn,ITGAV,350,PTN_ITGAV_350
Ptn,ITGB3,350,PTN_ITGB3_350
Ptn,ITGAV,351,PTN_ITGAV_351
Ptn,ITGB3,351,PTN_ITGB3_351
Ptn,ITGAV,352,PTN_ITGAV_352
Ptn,ITGB3,352,PTN_ITGB3_352
Postn,ITGAV,344,POSTN_ITGAV_344
Postn,ITGB3,344,POSTN_ITGB3_344
Postn,ITGAV,345,POSTN_ITGAV_345
Postn,ITGB3,345,POSTN_ITGB3_345
Postn,ITGAV,346,POSTN_ITGAV_346
Postn,ITGB3,346,POSTN_ITGB3_346
Postn,ITGAV,347,POSTN_ITGAV_347
Postn,ITGB3,347,POSTN_ITGB3_347
Postn,ITGAV,348,POSTN_ITGAV_348
Postn,ITGB3,348,POSTN_ITGB3_348
Postn,ITGAV,349,POSTN_ITGAV_349
Postn,ITGB3,349,POSTN_ITGB3_349
Postn,ITGAV,350,POSTN_ITGAV_350
Postn,ITGB3,350,POSTN_ITGB3_350
Postn,ITGAV,351,POSTN_ITGAV_351
Postn,ITGB3,351,POSTN_ITGB3_351
Postn,ITGAV,352,POSTN_ITGAV_352
Postn,ITGB3,352,POSTN_ITGB3_352
Postn,ITGAV,344,POSTN_ITGAV_344
Postn,ITGAV,345,POSTN_ITGAV_345
Postn,ITGAV,346,POSTN_ITGAV_346
Postn,ITGAV,347,POSTN_ITGAV_347
Postn,ITGAV,348,POSTN_ITGAV_348
Postn,ITGAV,349,POSTN_ITGAV_349
Postn,ITGAV,350,POSTN_ITGAV_350
Postn,ITGAV,351,POSTN_ITGAV_351
Postn,ITGAV,352,POSTN_ITGAV_352
C3,CR2,174,C3_CR2_174
C3,CR2,175,C3_CR2_175
C3,CR2,176,C3_CR2_176
C3,CR2,177,C3_CR2_177
C3,CR2,178,C3_CR2_178
C3,ITGB2,179,C3_ITGB2_179
C3,ITGB2,180,C3_ITGB2_180
C3,ITGB2,179,C3_ITGB2_179
C3,ITGB2,180,C3_ITGB2_180
C4b,CR2,174,C4B_CR2_174
C4b,CR2,175,C4B_CR2_175
C4b,CR2,176,C4B_CR2_176
C4b,CR2,177,C4B_CR2_177
C4b,CR2,178,C4B_CR2_178
Edn1,EDNRA,41,EDN1_EDNRA_41
Edn1,EDNRA,42,EDN1_EDNRA_42
Edn1,EDNRA,43,EDN1_EDNRA_43
Edn1,EDNRA,44,EDN1_EDNRA_44
Edn1,EDNRA,45,EDN1_EDNRA_45
Edn1,EDNRA,46,EDN1_EDNRA_46
Edn1,EDNRA,47,EDN1_EDNRA_47
Edn1,EDNRA,48,EDN1_EDNRA_48
Edn1,EDNRA,49,EDN1_EDNRA_49
Edn1,EDNRA,50,EDN1_EDNRA_50
Edn2,EDNRA,41,EDN2_EDNRA_41
Edn2,EDNRA,42,EDN2_EDNRA_42
Edn2,EDNRA,43,EDN2_EDNRA_43
Edn2,EDNRA,44,EDN2_EDNRA_44
Edn2,EDNRA,45,EDN2_EDNRA_45
Edn2,EDNRA,46,EDN2_EDNRA_46
Edn2,EDNRA,47,EDN2_EDNRA_47
Edn2,EDNRA,48,EDN2_EDNRA_48
Edn2,EDNRA,49,EDN2_EDNRA_49
Edn2,EDNRA,50,EDN2_EDNRA_50
Edn3,EDNRA,41,EDN3_EDNRA_41
Edn3,EDNRA,42,EDN3_EDNRA_42
Edn3,EDNRA,43,EDN3_EDNRA_43
Edn3,EDNRA,44,EDN3_EDNRA_44
Edn3,EDNRA,45,EDN3_EDNRA_45
Edn3,EDNRA,46,EDN3_EDNRA_46
Edn3,EDNRA,47,EDN3_EDNRA_47
Edn3,EDNRA,48,EDN3_EDNRA_48
Edn3,EDNRA,49,EDN3_EDNRA_49
Edn3,EDNRA,50,EDN3_EDNRA_50
Ghrl,GHSR,41,GHRL_GHSR_41
Ghrl,GHSR,42,GHRL_GHSR_42
Ghrl,GHSR,43,GHRL_GHSR_43
Ghrl,GHSR,44,GHRL_GHSR_44
Ghrl,GHSR,45,GHRL_GHSR_45
Ghrl,GHSR,46,GHRL_GHSR_46
Ghrl,GHSR,47,GHRL_GHSR_47
Ghrl,GHSR,48,GHRL_GHSR_48
Ghrl,GHSR,49,GHRL_GHSR_49
Ghrl,GHSR,50,GHRL_GHSR_50
Npy,NPY1R,41,NPY_NPY1R_41
Npy,NPY1R,42,NPY_NPY1R_42
Npy,NPY1R,43,NPY_NPY1R_43
Npy,NPY1R,44,NPY_NPY1R_44
Npy,NPY1R,45,NPY_NPY1R_45
Npy,NPY1R,46,NPY_NPY1R_46
Npy,NPY1R,47,NPY_NPY1R_47
Npy,NPY1R,48,NPY_NPY1R_48
Npy,NPY1R,49,NPY_NPY1R_49
Npy,NPY1R,50,NPY_NPY1R_50
Ppy,NPY1R,41,PPY_NPY1R_41
Ppy,NPY1R,42,PPY_NPY1R_42
Ppy,NPY1R,43,PPY_NPY1R_43
Ppy,NPY1R,44,PPY_NPY1R_44
Ppy,NPY1R,45,PPY_NPY1R_45
Ppy,NPY1R,46,PPY_NPY1R_46
Ppy,NPY1R,47,PPY_NPY1R_47
Ppy,NPY1R,48,PPY_NPY1R_48
Ppy,NPY1R,49,PPY_NPY1R_49
Ppy,NPY1R,50,PPY_NPY1R_50
Pyy,NPY1R,41,PYY_NPY1R_41
Pyy,NPY1R,42,PYY_NPY1R_42
Pyy,NPY1R,43,PYY_NPY1R_43
Pyy,NPY1R,44,PYY_NPY1R_44
Pyy,NPY1R,45,PYY_NPY1R_45
Pyy,NPY1R,46,PYY_NPY1R_46
Pyy,NPY1R,47,PYY_NPY1R_47
Pyy,NPY1R,48,PYY_NPY1R_48
Pyy,NPY1R,49,PYY_NPY1R_49
Pyy,NPY1R,50,PYY_NPY1R_50
Oxt,OXTR,41,OXT_OXTR_41
Oxt,OXTR,42,OXT_OXTR_42
Oxt,OXTR,43,OXT_OXTR_43
Oxt,OXTR,44,OXT_OXTR_44
Oxt,OXTR,45,OXT_OXTR_45
Oxt,OXTR,46,OXT_OXTR_46
Oxt,OXTR,47,OXT_OXTR_47
Oxt,OXTR,48,OXT_OXTR_48
Oxt,OXTR,49,OXT_OXTR_49
Oxt,OXTR,50,OXT_OXTR_50
Oxt,OXTR,267,OXT_OXTR_267
Oxt,OXTR,268,OXT_OXTR_268
Oxt,OXTR,269,OXT_OXTR_269
Oxt,OXTR,270,OXT_OXTR_270
Oxt,OXTR,271,OXT_OXTR_271
Oxt,OXTR,272,OXT_OXTR_272
Sst,SSTR1,41,SST_SSTR1_41
Sst,SSTR1,42,SST_SSTR1_42
Sst,SSTR1,43,SST_SSTR1_43
Sst,SSTR1,44,SST_SSTR1_44
Sst,SSTR1,45,SST_SSTR1_45
Sst,SSTR1,46,SST_SSTR1_46
Sst,SSTR1,47,SST_SSTR1_47
Sst,SSTR1,48,SST_SSTR1_48
Sst,SSTR1,49,SST_SSTR1_49
Sst,SSTR1,50,SST_SSTR1_50
Sst,SSTR2,41,SST_SSTR2_41
Sst,SSTR2,42,SST_SSTR2_42
Sst,SSTR2,43,SST_SSTR2_43
Sst,SSTR2,44,SST_SSTR2_44
Sst,SSTR2,45,SST_SSTR2_45
Sst,SSTR2,46,SST_SSTR2_46
Sst,SSTR2,47,SST_SSTR2_47
Sst,SSTR2,48,SST_SSTR2_48
Sst,SSTR2,49,SST_SSTR2_49
Sst,SSTR2,50,SST_SSTR2_50
Sst,SSTR5,41,SST_SSTR5_41
Sst,SSTR5,42,SST_SSTR5_42
Sst,SSTR5,43,SST_SSTR5_43
Sst,SSTR5,44,SST_SSTR5_44
Sst,SSTR5,45,SST_SSTR5_45
Sst,SSTR5,46,SST_SSTR5_46
Sst,SSTR5,47,SST_SSTR5_47
Sst,SSTR5,48,SST_SSTR5_48
Sst,SSTR5,49,SST_SSTR5_49
Sst,SSTR5,50,SST_SSTR5_50
Cort,SSTR1,41,CORT_SSTR1_41
Cort,SSTR1,42,CORT_SSTR1_42
Cort,SSTR1,43,CORT_SSTR1_43
Cort,SSTR1,44,CORT_SSTR1_44
Cort,SSTR1,45,CORT_SSTR1_45
Cort,SSTR1,46,CORT_SSTR1_46
Cort,SSTR1,47,CORT_SSTR1_47
Cort,SSTR1,48,CORT_SSTR1_48
Cort,SSTR1,49,CORT_SSTR1_49
Cort,SSTR1,50,CORT_SSTR1_50
Cort,SSTR2,41,CORT_SSTR2_41
Cort,SSTR2,42,CORT_SSTR2_42
Cort,SSTR2,43,CORT_SSTR2_43
Cort,SSTR2,44,CORT_SSTR2_44
Cort,SSTR2,45,CORT_SSTR2_45
Cort,SSTR2,46,CORT_SSTR2_46
Cort,SSTR2,47,CORT_SSTR2_47
Cort,SSTR2,48,CORT_SSTR2_48
Cort,SSTR2,49,CORT_SSTR2_49
Cort,SSTR2,50,CORT_SSTR2_50
Cort,SSTR5,41,CORT_SSTR5_41
Cort,SSTR5,42,CORT_SSTR5_42
Cort,SSTR5,43,CORT_SSTR5_43
Cort,SSTR5,44,CORT_SSTR5_44
Cort,SSTR5,45,CORT_SSTR5_45
Cort,SSTR5,46,CORT_SSTR5_46
Cort,SSTR5,47,CORT_SSTR5_47
Cort,SSTR5,48,CORT_SSTR5_48
Cort,SSTR5,49,CORT_SSTR5_49
Cort,SSTR5,50,CORT_SSTR5_50
Gm10334,F2R,275,GM10334_F2R_275
Gm10334,F2R,276,GM10334_F2R_276
Gm10334,F2R,277,GM10334_F2R_277
Try5,F2R,275,TRY5_F2R_275
Try5,F2R,276,TRY5_F2R_276
Try5,F2R,277,TRY5_F2R_277
Ctsg,F2R,275,CTSG_F2R_275
Ctsg,F2R,276,CTSG_F2R_276
Ctsg,F2R,277,CTSG_F2R_277
F2,F2R,275,F2_F2R_275
F2,F2R,276,F2_F2R_276
F2,F2R,277,F2_F2R_277
Gzma,F2R,275,GZMA_F2R_275
Gzma,F2R,276,GZMA_F2R_276
Gzma,F2R,277,GZMA_F2R_277
Prss2,F2R,275,PRSS2_F2R_275
Prss2,F2R,276,PRSS2_F2R_276
Prss2,F2R,277,PRSS2_F2R_277
Try4,F2R,275,TRY4_F2R_275
Try4,F2R,276,TRY4_F2R_276
Try4,F2R,277,TRY4_F2R_277
Try10,F2R,275,TRY10_F2R_275
Try10,F2R,276,TRY10_F2R_276
Try10,F2R,277,TRY10_F2R_277
Gm10334,F2RL3,275,GM10334_F2RL3_275
Gm10334,F2RL3,276,GM10334_F2RL3_276
Gm10334,F2RL3,277,GM10334_F2RL3_277
Try5,F2RL3,275,TRY5_F2RL3_275
Try5,F2RL3,276,TRY5_F2RL3_276
Try5,F2RL3,277,TRY5_F2RL3_277
Ctsg,F2RL3,275,CTSG_F2RL3_275
Ctsg,F2RL3,276,CTSG_F2RL3_276
Ctsg,F2RL3,277,CTSG_F2RL3_277
F2,F2RL3,275,F2_F2RL3_275
F2,F2RL3,276,F2_F2RL3_276
F2,F2RL3,277,F2_F2RL3_277
Gzma,F2RL3,275,GZMA_F2RL3_275
Gzma,F2RL3,276,GZMA_F2RL3_276
Gzma,F2RL3,277,GZMA_F2RL3_277
Plg,F2RL3,275,PLG_F2RL3_275
Plg,F2RL3,276,PLG_F2RL3_276
Plg,F2RL3,277,PLG_F2RL3_277
Prss2,F2RL3,275,PRSS2_F2RL3_275
Prss2,F2RL3,276,PRSS2_F2RL3_276
Prss2,F2RL3,277,PRSS2_F2RL3_277
Try4,F2RL3,275,TRY4_F2RL3_275
Try4,F2RL3,276,TRY4_F2RL3_276
Try4,F2RL3,277,TRY4_F2RL3_277
Try10,F2RL3,275,TRY10_F2RL3_275
Try10,F2RL3,276,TRY10_F2RL3_276
Try10,F2RL3,277,TRY10_F2RL3_277
Adcyap1,ADCYAP1R1,140,ADCYAP1_ADCYAP1R1_140
Kitl,KIT,168,KITL_KIT_168
Tshb,TSHR,353,TSHB_TSHR_353
Tshb,TSHR,354,TSHB_TSHR_354
Cga,TSHR,353,CGA_TSHR_353
Cga,TSHR,354,CGA_TSHR_354
Bdnf,NTRK2,207,BDNF_NTRK2_207
Bdnf,NTRK2,208,BDNF_NTRK2_208
Bdnf,NTRK2,209,BDNF_NTRK2_209
Bdnf,NTRK2,210,BDNF_NTRK2_210
Bdnf,NTRK2,211,BDNF_NTRK2_211
Bdnf,NTRK2,212,BDNF_NTRK2_212
Bdnf,NTRK2,213,BDNF_NTRK2_213
Bdnf,NTRK2,214,BDNF_NTRK2_214
Bdnf,NTRK2,215,BDNF_NTRK2_215
Bdnf,NTRK2,216,BDNF_NTRK2_216
Bdnf,NTRK2,217,BDNF_NTRK2_217
Bdnf,NTRK2,218,BDNF_NTRK2_218
Ngf,NTRK1,34,NGF_NTRK1_34
Ngf,NTRK1,35,NGF_NTRK1_35
Ngf,NTRK1,195,NGF_NTRK1_195
Ngf,NTRK1,196,NGF_NTRK1_196
Ngf,NTRK1,197,NGF_NTRK1_197
Ngf,NTRK1,198,NGF_NTRK1_198
Ngf,NTRK1,199,NGF_NTRK1_199
Ngf,NTRK1,200,NGF_NTRK1_200
Ngf,NTRK1,201,NGF_NTRK1_201
Ngf,NTRK1,202,NGF_NTRK1_202
Ngf,NTRK1,203,NGF_NTRK1_203
Ngf,NTRK1,204,NGF_NTRK1_204
Ngf,NTRK1,205,NGF_NTRK1_205
Ngf,NTRK1,206,NGF_NTRK1_206
Hgf,MET,7,HGF_MET_7
Hgf,MET,8,HGF_MET_8
Hgf,MET,9,HGF_MET_9
Klk1b4,NTRK1,34,KLK1B4_NTRK1_34
Klk1b4,NTRK1,35,KLK1B4_NTRK1_35
Klk1b4,NTRK1,195,KLK1B4_NTRK1_195
Klk1b4,NTRK1,196,KLK1B4_NTRK1_196
Klk1b4,NTRK1,197,KLK1B4_NTRK1_197
Klk1b4,NTRK1,198,KLK1B4_NTRK1_198
Klk1b4,NTRK1,199,KLK1B4_NTRK1_199
Klk1b4,NTRK1,200,KLK1B4_NTRK1_200
Klk1b4,NTRK1,201,KLK1B4_NTRK1_201
Klk1b4,NTRK1,202,KLK1B4_NTRK1_202
Klk1b4,NTRK1,203,KLK1B4_NTRK1_203
Klk1b4,NTRK1,204,KLK1B4_NTRK1_204
Klk1b4,NTRK1,205,KLK1B4_NTRK1_205
Klk1b4,NTRK1,206,KLK1B4_NTRK1_206
Ntf3,NTRK1,34,NTF3_NTRK1_34
Ntf3,NTRK1,35,NTF3_NTRK1_35
Ntf3,NTRK1,195,NTF3_NTRK1_195
Ntf3,NTRK1,196,NTF3_NTRK1_196
Ntf3,NTRK1,197,NTF3_NTRK1_197
Ntf3,NTRK1,198,NTF3_NTRK1_198
Ntf3,NTRK1,199,NTF3_NTRK1_199
Ntf3,NTRK1,200,NTF3_NTRK1_200
Ntf3,NTRK1,201,NTF3_NTRK1_201
Ntf3,NTRK1,202,NTF3_NTRK1_202
Ntf3,NTRK1,203,NTF3_NTRK1_203
Ntf3,NTRK1,204,NTF3_NTRK1_204
Ntf3,NTRK1,205,NTF3_NTRK1_205
Ntf3,NTRK1,206,NTF3_NTRK1_206
Ntf3,NTRK2,207,NTF3_NTRK2_207
Ntf3,NTRK2,208,NTF3_NTRK2_208
Ntf3,NTRK2,209,NTF3_NTRK2_209
Ntf3,NTRK2,210,NTF3_NTRK2_210
Ntf3,NTRK2,211,NTF3_NTRK2_211
Ntf3,NTRK2,212,NTF3_NTRK2_212
Ntf3,NTRK2,213,NTF3_NTRK2_213
Ntf3,NTRK2,214,NTF3_NTRK2_214
Ntf3,NTRK2,215,NTF3_NTRK2_215
Ntf3,NTRK2,216,NTF3_NTRK2_216
Ntf3,NTRK2,217,NTF3_NTRK2_217
Ntf3,NTRK2,218,NTF3_NTRK2_218
Ntf3,NTRK3,219,NTF3_NTRK3_219
Ntf3,NTRK3,220,NTF3_NTRK3_220
Ntf3,NTRK3,221,NTF3_NTRK3_221
Ntf3,NTRK3,222,NTF3_NTRK3_222
Ntf3,NTRK3,223,NTF3_NTRK3_223
Ntf3,NTRK3,224,NTF3_NTRK3_224
Ntf3,NTRK3,225,NTF3_NTRK3_225
Ntf3,NTRK3,226,NTF3_NTRK3_226
Ntf3,NTRK3,227,NTF3_NTRK3_227
Ntf3,NTRK3,228,NTF3_NTRK3_228
Ntf3,NTRK3,229,NTF3_NTRK3_229
Ntf3,NTRK3,230,NTF3_NTRK3_230
Ntf5,NTRK2,207,NTF5_NTRK2_207
Ntf5,NTRK2,208,NTF5_NTRK2_208
Ntf5,NTRK2,209,NTF5_NTRK2_209
Ntf5,NTRK2,210,NTF5_NTRK2_210
Ntf5,NTRK2,211,NTF5_NTRK2_211
Ntf5,NTRK2,212,NTF5_NTRK2_212
Ntf5,NTRK2,213,NTF5_NTRK2_213
Ntf5,NTRK2,214,NTF5_NTRK2_214
Ntf5,NTRK2,215,NTF5_NTRK2_215
Ntf5,NTRK2,216,NTF5_NTRK2_216
Ntf5,NTRK2,217,NTF5_NTRK2_217
Ntf5,NTRK2,218,NTF5_NTRK2_218
Anxa1,FPR1,275,ANXA1_FPR1_275
Anxa1,FPR1,276,ANXA1_FPR1_276
Anxa1,FPR1,277,ANXA1_FPR1_277
Apela,APLNR,28,APELA_APLNR_28
Apela,APLNR,29,APELA_APLNR_29
Apela,APLNR,30,APELA_APLNR_30
Apela,APLNR,31,APELA_APLNR_31
Apela,APLNR,32,APELA_APLNR_32
Apela,APLNR,33,APELA_APLNR_33
Gcg,GLP1R,138,GCG_GLP1R_138
Ghrh,GHSR,41,GHRH_GHSR_41
Ghrh,GHSR,42,GHRH_GHSR_42
Ghrh,GHSR,43,GHRH_GHSR_43
Ghrh,GHSR,44,GHRH_GHSR_44
Ghrh,GHSR,45,GHRH_GHSR_45
Ghrh,GHSR,46,GHRH_GHSR_46
Ghrh,GHSR,47,GHRH_GHSR_47
Ghrh,GHSR,48,GHRH_GHSR_48
Ghrh,GHSR,49,GHRH_GHSR_49
Ghrh,GHSR,50,GHRH_GHSR_50
Gnrh1,GNRHR,123,GNRH1_GNRHR_123
Gnrh1,GNRHR,124,GNRH1_GNRHR_124
Gnrh1,GNRHR,125,GNRH1_GNRHR_125
Gnrh1,GNRHR,126,GNRH1_GNRHR_126
Gnrh1,GNRHR,127,GNRH1_GNRHR_127
Lep,LEPR,11,LEP_LEPR_11
Lep,LEPR,22,LEP_LEPR_22
Lep,LEPR,23,LEP_LEPR_23
Lep,LEPR,24,LEP_LEPR_24
Lep,LEPR,25,LEP_LEPR_25
Lep,LEPR,26,LEP_LEPR_26
Lep,LEPR,27,LEP_LEPR_27
Lgals9,PTPRC,290,LGALS9_PTPRC_290
Lgals9,PTPRC,291,LGALS9_PTPRC_291
Lgals9,PTPRC,292,LGALS9_PTPRC_292
Lgals9,PTPRC,293,LGALS9_PTPRC_293
Lgals9,PTPRC,294,LGALS9_PTPRC_294
Lgals9,PTPRC,295,LGALS9_PTPRC_295
Lgals9,PTPRC,296,LGALS9_PTPRC_296
Lgals9,PTPRC,297,LGALS9_PTPRC_297
Lgals9,PTPRC,298,LGALS9_PTPRC_298
Lgals9,PTPRC,299,LGALS9_PTPRC_299
Lgals9,PTPRC,300,LGALS9_PTPRC_300
Lgals9,PTPRC,301,LGALS9_PTPRC_301
Lgals9,PTPRC,302,LGALS9_PTPRC_302
Lgals9,PTPRC,303,LGALS9_PTPRC_303
Lgals9,PTPRC,304,LGALS9_PTPRC_304
Lgals9,PTPRC,305,LGALS9_PTPRC_305
Rarres2,GPR1,129,RARRES2_GPR1_129
Rarres2,GPR1,139,RARRES2_GPR1_139
Uts2b,SSTR5,41,UTS2B_SSTR5_41
Uts2b,SSTR5,42,UTS2B_SSTR5_42
Uts2b,SSTR5,43,UTS2B_SSTR5_43
Uts2b,SSTR5,44,UTS2B_SSTR5_44
Uts2b,SSTR5,45,UTS2B_SSTR5_45
Uts2b,SSTR5,46,UTS2B_SSTR5_46
Uts2b,SSTR5,47,UTS2B_SSTR5_47
Uts2b,SSTR5,48,UTS2B_SSTR5_48
Uts2b,SSTR5,49,UTS2B_SSTR5_49
Uts2b,SSTR5,50,UTS2B_SSTR5_50
Dagla,CNR1,41,
Dagla,CNR1,42,
Dagla,CNR1,43,
Dagla,CNR1,44,
Dagla,CNR1,45,
Dagla,CNR1,46,
Dagla,CNR1,47,
Dagla,CNR1,48,
Dagla,CNR1,49,
Dagla,CNR1,50,
Dagla,CNR1,279,
Daglb,CNR1,41,
Daglb,CNR1,42,
Daglb,CNR1,43,
Daglb,CNR1,44,
Daglb,CNR1,45,
Daglb,CNR1,46,
Daglb,CNR1,47,
Daglb,CNR1,48,
Daglb,CNR1,49,
Daglb,CNR1,50,
Daglb,CNR1,279,
Chat,CHRM2,41,
Chat,CHRM2,42,
Chat,CHRM2,43,
Chat,CHRM2,44,
Chat,CHRM2,45,
Chat,CHRM2,46,
Chat,CHRM2,47,
Chat,CHRM2,48,
Chat,CHRM2,49,
Chat,CHRM2,50,
Chat,CHRM1,41,
Chat,CHRM1,42,
Chat,CHRM1,43,
Chat,CHRM1,44,
Chat,CHRM1,45,
Chat,CHRM1,46,
Chat,CHRM1,47,
Chat,CHRM1,48,
Chat,CHRM1,49,
Chat,CHRM1,50,
Cyp17a1,AR,5,
Cyp17a1,AR,14,
Cyp17a1,AR,15,
Cyp17a1,AR,17,
Cyp17a1,AR,18,
Cyp17a1,AR,20,
Cyp17a1,AR,23,
Cyp17a1,AR,24,
Cyp17a1,AR,26,
Cyp17a1,AR,41,
Cyp17a1,AR,42,
Cyp17a1,AR,43,
Cyp17a1,AR,44,
Cyp17a1,AR,45,
Cyp17a1,AR,46,
Cyp17a1,AR,47,
Cyp17a1,AR,48,
Cyp17a1,AR,49,
Cyp17a1,AR,50,
Cyp17a1,AR,54,
Cyp17a1,AR,55,
Cyp17a1,AR,56,
Cyp17a1,AR,73,
Cyp17a1,AR,80,
Cyp17a1,AR,83,
Cyp17a1,AR,88,
Cyp17a1,AR,95,
Cyp17a1,AR,98,
Cyp17a1,AR,102,
Cyp17a1,AR,103,
Cyp17a1,AR,104,
Cyp17a1,AR,105,
Cyp17a1,AR,106,
Cyp17a1,AR,107,
Cyp17a1,AR,108,
Cyp17a1,AR,109,
Cyp17a1,AR,110,
Cyp17a1,AR,112,
Cyp17a1,AR,113,
Cyp17a1,AR,118,
Cyp17a1,AR,141,
Cyp17a1,AR,142,
Cyp17a1,AR,169,
Cyp17a1,AR,173,
Cyp17a1,AR,175,
Cyp17a1,AR,176,
Cyp17a1,AR,177,
Cyp17a1,AR,182,
Cyp17a1,AR,183,
Cyp17a1,AR,184,
Cyp17a1,AR,186,
Cyp17a1,AR,188,
Cyp17a1,AR,191,
Cyp17a1,AR,192,
Cyp17a1,AR,193,
Cyp17a1,AR,249,
Cyp17a1,AR,250,
Cyp17a1,AR,251,
Cyp17a1,AR,252,
Cyp17a1,AR,275,
Cyp17a1,AR,276,
Cyp17a1,AR,277,
Sult1e1,PPARG,14,
Sult1e1,PPARG,15,
Sult1e1,PPARG,17,
Sult1e1,PPARG,18,
Sult1e1,PPARG,20,
Sult1e1,PPARG,23,
Sult1e1,PPARG,24,
Sult1e1,PPARG,26,
Sult1e1,PPARA,47,
Sult2a1,PPARG,14,
Sult2a1,PPARG,15,
Sult2a1,PPARG,17,
Sult2a1,PPARG,18,
Sult2a1,PPARG,20,
Sult2a1,PPARG,23,
Sult2a1,PPARG,24,
Sult2a1,PPARG,26,
Sult2a1,PPARA,47,
Ubash3b,ESR1,57,
Ubash3b,ESR1,58,
Ubash3b,ESR1,346,
Ubash3b,ESR1,350,
Ubash3b,PPARA,47,
Srd5a1,AR,5,
Srd5a1,AR,14,
Srd5a1,AR,15,
Srd5a1,AR,17,
Srd5a1,AR,18,
Srd5a1,AR,20,
Srd5a1,AR,23,
Srd5a1,AR,24,
Srd5a1,AR,26,
Srd5a1,AR,41,
Srd5a1,AR,42,
Srd5a1,AR,43,
Srd5a1,AR,44,
Srd5a1,AR,45,
Srd5a1,AR,46,
Srd5a1,AR,47,
Srd5a1,AR,48,
Srd5a1,AR,49,
Srd5a1,AR,50,
Srd5a1,AR,54,
Srd5a1,AR,55,
Srd5a1,AR,56,
Srd5a1,AR,73,
Srd5a1,AR,80,
Srd5a1,AR,83,
Srd5a1,AR,88,
Srd5a1,AR,95,
Srd5a1,AR,98,
Srd5a1,AR,102,
Srd5a1,AR,103,
Srd5a1,AR,104,
Srd5a1,AR,105,
Srd5a1,AR,106,
Srd5a1,AR,107,
Srd5a1,AR,108,
Srd5a1,AR,109,
Srd5a1,AR,110,
Srd5a1,AR,112,
Srd5a1,AR,113,
Srd5a1,AR,118,
Srd5a1,AR,141,
Srd5a1,AR,142,
Srd5a1,AR,169,
Srd5a1,AR,173,
Srd5a1,AR,175,
Srd5a1,AR,176,
Srd5a1,AR,177,
Srd5a1,AR,182,
Srd5a1,AR,183,
Srd5a1,AR,184,
Srd5a1,AR,186,
Srd5a1,AR,188,
Srd5a1,AR,191,
Srd5a1,AR,192,
Srd5a1,AR,193,
Srd5a1,AR,249,
Srd5a1,AR,250,
Srd5a1,AR,251,
Srd5a1,AR,252,
Srd5a1,AR,275,
Srd5a1,AR,276,
Srd5a1,AR,277,
Srd5a2,AR,5,
Srd5a2,AR,14,
Srd5a2,AR,15,
Srd5a2,AR,17,
Srd5a2,AR,18,
Srd5a2,AR,20,
Srd5a2,AR,23,
Srd5a2,AR,24,
Srd5a2,AR,26,
Srd5a2,AR,41,
Srd5a2,AR,42,
Srd5a2,AR,43,
Srd5a2,AR,44,
Srd5a2,AR,45,
Srd5a2,AR,46,
Srd5a2,AR,47,
Srd5a2,AR,48,
Srd5a2,AR,49,
Srd5a2,AR,50,
Srd5a2,AR,54,
Srd5a2,AR,55,
Srd5a2,AR,56,
Srd5a2,AR,73,
Srd5a2,AR,80,
Srd5a2,AR,83,
Srd5a2,AR,88,
Srd5a2,AR,95,
Srd5a2,AR,98,
Srd5a2,AR,102,
Srd5a2,AR,103,
Srd5a2,AR,104,
Srd5a2,AR,105,
Srd5a2,AR,106,
Srd5a2,AR,107,
Srd5a2,AR,108,
Srd5a2,AR,109,
Srd5a2,AR,110,
Srd5a2,AR,112,
Srd5a2,AR,113,
Srd5a2,AR,118,
Srd5a2,AR,141,
Srd5a2,AR,142,
Srd5a2,AR,169,
Srd5a2,AR,173,
Srd5a2,AR,175,
Srd5a2,AR,176,
Srd5a2,AR,177,
Srd5a2,AR,182,
Srd5a2,AR,183,
Srd5a2,AR,184,
Srd5a2,AR,186,
Srd5a2,AR,188,
Srd5a2,AR,191,
Srd5a2,AR,192,
Srd5a2,AR,193,
Srd5a2,AR,249,
Srd5a2,AR,250,
Srd5a2,AR,251,
Srd5a2,AR,252,
Srd5a2,AR,275,
Srd5a2,AR,276,
Srd5a2,AR,277,
Srd5a3,AR,5,
Srd5a3,AR,14,
Srd5a3,AR,15,
Srd5a3,AR,17,
Srd5a3,AR,18,
Srd5a3,AR,20,
Srd5a3,AR,23,
Srd5a3,AR,24,
Srd5a3,AR,26,
Srd5a3,AR,41,
Srd5a3,AR,42,
Srd5a3,AR,43,
Srd5a3,AR,44,
Srd5a3,AR,45,
Srd5a3,AR,46,
Srd5a3,AR,47,
Srd5a3,AR,48,
Srd5a3,AR,49,
Srd5a3,AR,50,
Srd5a3,AR,54,
Srd5a3,AR,55,
Srd5a3,AR,56,
Srd5a3,AR,73,
Srd5a3,AR,80,
Srd5a3,AR,83,
Srd5a3,AR,88,
Srd5a3,AR,95,
Srd5a3,AR,98,
Srd5a3,AR,102,
Srd5a3,AR,103,
Srd5a3,AR,104,
Srd5a3,AR,105,
Srd5a3,AR,106,
Srd5a3,AR,107,
Srd5a3,AR,108,
Srd5a3,AR,109,
Srd5a3,AR,110,
Srd5a3,AR,112,
Srd5a3,AR,113,
Srd5a3,AR,118,
Srd5a3,AR,141,
Srd5a3,AR,142,
Srd5a3,AR,169,
Srd5a3,AR,173,
Srd5a3,AR,175,
Srd5a3,AR,176,
Srd5a3,AR,177,
Srd5a3,AR,182,
Srd5a3,AR,183,
Srd5a3,AR,184,
Srd5a3,AR,186,
Srd5a3,AR,188,
Srd5a3,AR,191,
Srd5a3,AR,192,
Srd5a3,AR,193,
Srd5a3,AR,249,
Srd5a3,AR,250,
Srd5a3,AR,251,
Srd5a3,AR,252,
Srd5a3,AR,275,
Srd5a3,AR,276,
Srd5a3,AR,277,
Pnmt,ADRB2,41,
Pnmt,ADRB2,42,
Pnmt,ADRB2,43,
Pnmt,ADRB2,44,
Pnmt,ADRB2,45,
Pnmt,ADRB2,46,
Pnmt,ADRB2,47,
Pnmt,ADRB2,48,
Pnmt,ADRB2,49,
Pnmt,ADRB2,50,
Pnmt,ADRA1A,16,
Pnmt,ADRA1A,17,
Pnmt,ADRA1A,18,
Pnmt,ADRA1A,19,
Pnmt,ADRA1A,20,
Pnmt,ADRA1A,21,
Cyp19a1,ESR1,57,
Cyp19a1,ESR1,58,
Cyp19a1,ESR1,346,
Cyp19a1,ESR1,350,
Cyp19a1,ESR2,57,
Cyp19a1,ESR2,58,
Hsd17b1,ESR1,57,
Hsd17b1,ESR1,58,
Hsd17b1,ESR1,346,
Hsd17b1,ESR1,350,
Hsd17b1,ESR2,57,
Hsd17b1,ESR2,58,
Vegfa,KDR,379,
Vegfa,KDR,380,
Pgf,KDR,379,
Pgf,KDR,380,
Vegfb,KDR,379,
Vegfb,KDR,380,
Igf1,IGF1R,3,
Igf1,IGF1R,15,
Igf1,IGF1R,119,
Igf1,IGF1R,120,
Igf1,IGF1R,121,
Igf1,IGF1R,122,
Igf1,IGF1R,146,
Igf1,IGF1R,147,
Il17a_Il17f,IL17RA,136,
Il17a_Il17f,IL17RA,137,
Il25,IL17RA,136,
Il25,IL17RA,137,
Il17f,IL17RA,136,
Il17f,IL17RA,137,
Il17c,IL17RA,136,
Il17c,IL17RA,137,
Il1a,IL1R1,241,
Il1a,IL1R1,263,
Il1a,IL1R1,264,
Il1b,IL1R1,241,
Il1b,IL1R1,263,
Il1b,IL1R1,264,
Il1rn,IL1R1,241,
Il1rn,IL1R1,263,
Il1rn,IL1R1,264,
Dbh,ADRB2,41,
Dbh,ADRB2,42,
Dbh,ADRB2,43,
Dbh,ADRB2,44,
Dbh,ADRB2,45,
Dbh,ADRB2,46,
Dbh,ADRB2,47,
Dbh,ADRB2,48,
Dbh,ADRB2,49,
Dbh,ADRB2,50,
Dbh,ADRA1A,16,
Dbh,ADRA1A,17,
Dbh,ADRA1A,18,
Dbh,ADRA1A,19,
Dbh,ADRA1A,20,
Dbh,ADRA1A,21,
Cort,SSTR1,41,
Cort,SSTR1,42,
Cort,SSTR1,43,
Cort,SSTR1,44,
Cort,SSTR1,45,
Cort,SSTR1,46,
Cort,SSTR1,47,
Cort,SSTR1,48,
Cort,SSTR1,49,
Cort,SSTR1,50,
Cort,SSTR2,41,
Cort,SSTR2,42,
Cort,SSTR2,43,
Cort,SSTR2,44,
Cort,SSTR2,45,
Cort,SSTR2,46,
Cort,SSTR2,47,
Cort,SSTR2,48,
Cort,SSTR2,49,
Cort,SSTR2,50,
Cort,SSTR5,41,
Cort,SSTR5,42,
Cort,SSTR5,43,
Cort,SSTR5,44,
Cort,SSTR5,45,
Cort,SSTR5,46,
Cort,SSTR5,47,
Cort,SSTR5,48,
Cort,SSTR5,49,
Cort,SSTR5,50,
Cort,GHSR,41,
Cort,GHSR,42,
Cort,GHSR,43,
Cort,GHSR,44,
Cort,GHSR,45,
Cort,GHSR,46,
Cort,GHSR,47,
Cort,GHSR,48,
Cort,GHSR,49,
Cort,GHSR,50,
Tnfsf11,TNFRSF11A,253,
Tnfsf11,TNFRSF11A,254,
Tnfsf11,TNFRSF11A,259,
Tnfsf11,TNFRSF11A,260,
Tnfsf11,TNFRSF11A,261,
Tnfsf11,TNFRSF11A,262,
Mstn,TGFBR1,6,
Mstn,TGFBR1,6,
Ereg,EGFR,7,
Ereg,EGFR,8,
Ereg,EGFR,9,
Ereg,EGFR,54,
Ereg,EGFR,55,
Ereg,EGFR,56,
Ereg,EGFR,57,
Ereg,EGFR,58,
Ereg,EGFR,59,
Ereg,EGFR,118,
Ereg,EGFR,125,
Ereg,EGFR,128,
Ereg,EGFR,270,
Ereg,EGFR,271,
Ereg,EGFR,272,
Ereg,EGFR,281,
Vgf,NTRK1,34,
Vgf,NTRK1,35,
Vgf,NTRK1,195,
Vgf,NTRK1,196,
Vgf,NTRK1,197,
Vgf,NTRK1,198,
Vgf,NTRK1,199,
Vgf,NTRK1,200,
Vgf,NTRK1,201,
Vgf,NTRK1,202,
Vgf,NTRK1,203,
Vgf,NTRK1,204,
Vgf,NTRK1,205,
Vgf,NTRK1,206,
Bmp10,FFAR2,41,
Bmp10,FFAR2,42,
Bmp10,FFAR2,43,
Bmp10,FFAR2,44,
Bmp10,FFAR2,45,
Bmp10,FFAR2,46,
Bmp10,FFAR2,47,
Bmp10,FFAR2,48,
Bmp10,FFAR2,49,
Bmp10,FFAR2,50,
Tnf,FFAR2,41,
Tnf,FFAR2,42,
Tnf,FFAR2,43,
Tnf,FFAR2,44,
Tnf,FFAR2,45,
Tnf,FFAR2,46,
Tnf,FFAR2,47,
Tnf,FFAR2,48,
Tnf,FFAR2,49,
Tnf,FFAR2,50,
Fam3c,FFAR2,41,
Fam3c,FFAR2,42,
Fam3c,FFAR2,43,
Fam3c,FFAR2,44,
Fam3c,FFAR2,45,
Fam3c,FFAR2,46,
Fam3c,FFAR2,47,
Fam3c,FFAR2,48,
Fam3c,FFAR2,49,
Fam3c,FFAR2,50,
Tnfsf14,LTBR,243,
Tnfsf14,LTBR,244,
Vegfd,KDR,379,
Vegfd,KDR,380,
Gdf9,TGFBR1,6,
Tnfsf13,TNFRSF1A,13,
Tnfsf13,TNFRSF1A,36,
Tnfsf13,TNFRSF1A,37,
Tnfsf13,TNFRSF1A,38,
Tnfsf13,TNFRSF1A,153,
Tnfsf13,TNFRSF1A,154,
Tnfsf13,TNFRSF1A,155,
Tnfsf13,TNFRSF1A,156,
Tnfsf13,TNFRSF1A,157,
Tnfsf13,TNFRSF1A,158,
Tnfsf13,TNFRSF1A,159,
Tnfsf13,TNFRSF1A,160,
Tnfsf13,TNFRSF1A,161,
Tnfsf13,TNFRSF1A,162,
Tnfsf13,TNFRSF1A,163,
Tnfsf13,TNFRSF1A,164,
Tnfsf13,TNFRSF1A,165,
Tnfsf13,TNFRSF1A,166,
Tnfsf13,TNFRSF1A,242,
Tnfsf13,TNFRSF1A,265,
Tnfsf13,TNFRSF1A,266,
Tnfsf13,TNFRSF1A,355,
Tnfsf13,TNFRSF1A,356,
Tnfsf13,TNFRSF1A,357,
Tnfsf13,TNFRSF1A,358,
Tnfsf13,TNFRSF1A,359,
Tnfsf13,TNFRSF1A,360,
Tnfsf13,TNFRSF1A,361,
Tnfsf13,TNFRSF1A,362,
Tnfsf13,TNFRSF1A,363,
Tnfsf13,FAS,39,
Tnfsf13,FAS,40,
Gdf11,TGFBR1,6,
Gdf11,TGFBR1,6,
Egf,EGFR,7,
Egf,EGFR,8,
Egf,EGFR,9,
Egf,EGFR,54,
Egf,EGFR,55,
Egf,EGFR,56,
Egf,EGFR,57,
Egf,EGFR,58,
Egf,EGFR,59,
Egf,EGFR,118,
Egf,EGFR,125,
Egf,EGFR,128,
Egf,EGFR,270,
Egf,EGFR,271,
Egf,EGFR,272,
Egf,EGFR,281,
Tgfa,EGFR,7,
Tgfa,EGFR,8,
Tgfa,EGFR,9,
Tgfa,EGFR,54,
Tgfa,EGFR,55,
Tgfa,EGFR,56,
Tgfa,EGFR,57,
Tgfa,EGFR,58,
Tgfa,EGFR,59,
Tgfa,EGFR,118,
Tgfa,EGFR,125,
Tgfa,EGFR,128,
Tgfa,EGFR,270,
Tgfa,EGFR,271,
Tgfa,EGFR,272,
Tgfa,EGFR,281,
Tgfb1,EGFR,7,
Tgfb1,EGFR,8,
Tgfb1,EGFR,9,
Tgfb1,EGFR,54,
Tgfb1,EGFR,55,
Tgfb1,EGFR,56,
Tgfb1,EGFR,57,
Tgfb1,EGFR,58,
Tgfb1,EGFR,59,
Tgfb1,EGFR,118,
Tgfb1,EGFR,125,
Tgfb1,EGFR,128,
Tgfb1,EGFR,270,
Tgfb1,EGFR,271,
Tgfb1,EGFR,272,
Tgfb1,EGFR,281,
Mif,EGFR,7,
Mif,EGFR,8,
Mif,EGFR,9,
Mif,EGFR,54,
Mif,EGFR,55,
Mif,EGFR,56,
Mif,EGFR,57,
Mif,EGFR,58,
Mif,EGFR,59,
Mif,EGFR,118,
Mif,EGFR,125,
Mif,EGFR,128,
Mif,EGFR,270,
Mif,EGFR,271,
Mif,EGFR,272,
Mif,EGFR,281,
Areg,EGFR,7,
Areg,EGFR,8,
Areg,EGFR,9,
Areg,EGFR,54,
Areg,EGFR,55,
Areg,EGFR,56,
Areg,EGFR,57,
Areg,EGFR,58,
Areg,EGFR,59,
Areg,EGFR,118,
Areg,EGFR,125,
Areg,EGFR,128,
Areg,EGFR,270,
Areg,EGFR,271,
Areg,EGFR,272,
Areg,EGFR,281,
Cntf,EGFR,7,
Cntf,EGFR,8,
Cntf,EGFR,9,
Cntf,EGFR,54,
Cntf,EGFR,55,
Cntf,EGFR,56,
Cntf,EGFR,57,
Cntf,EGFR,58,
Cntf,EGFR,59,
Cntf,EGFR,118,
Cntf,EGFR,125,
Cntf,EGFR,128,
Cntf,EGFR,270,
Cntf,EGFR,271,
Cntf,EGFR,272,
Cntf,EGFR,281,
Grn,EGFR,7,
Grn,EGFR,8,
Grn,EGFR,9,
Grn,EGFR,54,
Grn,EGFR,55,
Grn,EGFR,56,
Grn,EGFR,57,
Grn,EGFR,58,
Grn,EGFR,59,
Grn,EGFR,118,
Grn,EGFR,125,
Grn,EGFR,128,
Grn,EGFR,270,
Grn,EGFR,271,
Grn,EGFR,272,
Grn,EGFR,281,
Btc,EGFR,7,
Btc,EGFR,8,
Btc,EGFR,9,
Btc,EGFR,54,
Btc,EGFR,55,
Btc,EGFR,56,
Btc,EGFR,57,
Btc,EGFR,58,
Btc,EGFR,59,
Btc,EGFR,118,
Btc,EGFR,125,
Btc,EGFR,128,
Btc,EGFR,270,
Btc,EGFR,271,
Btc,EGFR,272,
Btc,EGFR,281,
Copa,EGFR,7,
Copa,EGFR,8,
Copa,EGFR,9,
Copa,EGFR,54,
Copa,EGFR,55,
Copa,EGFR,56,
Copa,EGFR,57,
Copa,EGFR,58,
Copa,EGFR,59,
Copa,EGFR,118,
Copa,EGFR,125,
Copa,EGFR,128,
Copa,EGFR,270,
Copa,EGFR,271,
Copa,EGFR,272,
Copa,EGFR,281,
Epgn,EGFR,7,
Epgn,EGFR,8,
Epgn,EGFR,9,
Epgn,EGFR,54,
Epgn,EGFR,55,
Epgn,EGFR,56,
Epgn,EGFR,57,
Epgn,EGFR,58,
Epgn,EGFR,59,
Epgn,EGFR,118,
Epgn,EGFR,125,
Epgn,EGFR,128,
Epgn,EGFR,270,
Epgn,EGFR,271,
Epgn,EGFR,272,
Epgn,EGFR,281,
Hbegf,EGFR,7,
Hbegf,EGFR,8,
Hbegf,EGFR,9,
Hbegf,EGFR,54,
Hbegf,EGFR,55,
Hbegf,EGFR,56,
Hbegf,EGFR,57,
Hbegf,EGFR,58,
Hbegf,EGFR,59,
Hbegf,EGFR,118,
Hbegf,EGFR,125,
Hbegf,EGFR,128,
Hbegf,EGFR,270,
Hbegf,EGFR,271,
Hbegf,EGFR,272,
Hbegf,EGFR,281,
F2,ITGB3,344,
F2,ITGB3,345,
F2,ITGB3,346,
F2,ITGB3,347,
F2,ITGB3,348,
F2,ITGB3,349,
F2,ITGB3,350,
F2,ITGB3,351,
F2,ITGB3,352,
F2,ITGAV,344,
F2,ITGB3,344,
F2,ITGAV,345,
F2,ITGB3,345,
F2,ITGAV,346,
F2,ITGB3,346,
F2,ITGAV,347,
F2,ITGB3,347,
F2,ITGAV,348,
F2,ITGB3,348,
F2,ITGAV,349,
F2,ITGB3,349,
F2,ITGAV,350,
F2,ITGB3,350,
F2,ITGAV,351,
F2,ITGB3,351,
F2,ITGAV,352,
F2,ITGB3,352,
F10,ITGB2,179,
F10,ITGB2,180,
Plg,ITGB3,344,
Plg,ITGB3,345,
Plg,ITGB3,346,
Plg,ITGB3,347,
Plg,ITGB3,348,
Plg,ITGB3,349,
Plg,ITGB3,350,
Plg,ITGB3,351,
Plg,ITGB3,352,
C3,ITGB2,179,
C3,ITGB2,180,
Tgfb1,AR,5,
Tgfb1,AR,14,
Tgfb1,AR,15,
Tgfb1,AR,17,
Tgfb1,AR,18,
Tgfb1,AR,20,
Tgfb1,AR,23,
Tgfb1,AR,24,
Tgfb1,AR,26,
Tgfb1,AR,41,
Tgfb1,AR,42,
Tgfb1,AR,43,
Tgfb1,AR,44,
Tgfb1,AR,45,
Tgfb1,AR,46,
Tgfb1,AR,47,
Tgfb1,AR,48,
Tgfb1,AR,49,
Tgfb1,AR,50,
Tgfb1,AR,54,
Tgfb1,AR,55,
Tgfb1,AR,56,
Tgfb1,AR,73,
Tgfb1,AR,80,
Tgfb1,AR,83,
Tgfb1,AR,88,
Tgfb1,AR,95,
Tgfb1,AR,98,
Tgfb1,AR,102,
Tgfb1,AR,103,
Tgfb1,AR,104,
Tgfb1,AR,105,
Tgfb1,AR,106,
Tgfb1,AR,107,
Tgfb1,AR,108,
Tgfb1,AR,109,
Tgfb1,AR,110,
Tgfb1,AR,112,
Tgfb1,AR,113,
Tgfb1,AR,118,
Tgfb1,AR,141,
Tgfb1,AR,142,
Tgfb1,AR,169,
Tgfb1,AR,173,
Tgfb1,AR,175,
Tgfb1,AR,176,
Tgfb1,AR,177,
Tgfb1,AR,182,
Tgfb1,AR,183,
Tgfb1,AR,184,
Tgfb1,AR,186,
Tgfb1,AR,188,
Tgfb1,AR,191,
Tgfb1,AR,192,
Tgfb1,AR,193,
Tgfb1,AR,249,
Tgfb1,AR,250,
Tgfb1,AR,251,
Tgfb1,AR,252,
Tgfb1,AR,275,
Tgfb1,AR,276,
Tgfb1,AR,277,
Tgfb1,TGFBR1,6,
Tgfb1,TGFBR2,6,
Tgfb1,TGFBR2,6,
Tgfb1,ITGAV,344,
Tgfb1,ITGAV,345,
Tgfb1,ITGAV,346,
Tgfb1,ITGAV,347,
Tgfb1,ITGAV,348,
Tgfb1,ITGAV,349,
Tgfb1,ITGAV,350,
Tgfb1,ITGAV,351,
Tgfb1,ITGAV,352,
Ngf,NTRK1,34,
Ngf,NTRK1,35,
Ngf,NTRK1,195,
Ngf,NTRK1,196,
Ngf,NTRK1,197,
Ngf,NTRK1,198,
Ngf,NTRK1,199,
Ngf,NTRK1,200,
Ngf,NTRK1,201,
Ngf,NTRK1,202,
Ngf,NTRK1,203,
Ngf,NTRK1,204,
Ngf,NTRK1,205,
Ngf,NTRK1,206,
Ngf,NGFR,231,
Ngf,NGFR,232,
Ngf,NGFR,233,
Ngf,NGFR,234,
Ngf,NGFR,235,
Ngf,NGFR,236,
Ngf,NGFR,237,
Ngf,NGFR,238,
Ngf,NGFR,239,
Ngf,NGFR,240,
Gnrh1,GNRHR,123,
Gnrh1,GNRHR,124,
Gnrh1,GNRHR,125,
Gnrh1,GNRHR,126,
Gnrh1,GNRHR,127,
Nppa,ESR1,57,
Nppa,ESR1,58,
Nppa,ESR1,346,
Nppa,ESR1,350,
Oxt,OXTR,41,
Oxt,OXTR,42,
Oxt,OXTR,43,
Oxt,OXTR,44,
Oxt,OXTR,45,
Oxt,OXTR,46,
Oxt,OXTR,47,
Oxt,OXTR,48,
Oxt,OXTR,49,
Oxt,OXTR,50,
Oxt,OXTR,267,
Oxt,OXTR,268,
Oxt,OXTR,269,
Oxt,OXTR,270,
Oxt,OXTR,271,
Oxt,OXTR,272,
Oxt,ESR2,57,
Oxt,ESR2,58,
Avp,OXTR,41,
Avp,OXTR,42,
Avp,OXTR,43,
Avp,OXTR,44,
Avp,OXTR,45,
Avp,OXTR,46,
Avp,OXTR,47,
Avp,OXTR,48,
Avp,OXTR,49,
Avp,OXTR,50,
Avp,OXTR,267,
Avp,OXTR,268,
Avp,OXTR,269,
Avp,OXTR,270,
Avp,OXTR,271,
Avp,OXTR,272,
Ins2,INSR,14,
Ins2,INSR,51,
Ins2,INSR,52,
Ins2,INSR,53,
Ins2,INSR,114,
Ins2,INSR,115,
Ins2,INSR,116,
Ins2,INSR,117,
Ins2,INSR,141,
Ins2,INSR,142,
Ins2,INSR,143,
Ins2,INSR,144,
Ins2,INSR,145,
Ins2,INSR,148,
Ins2,INSR,149,
Igf2,IGF1R,3,
Igf2,IGF1R,15,
Igf2,IGF1R,119,
Igf2,IGF1R,120,
Igf2,IGF1R,121,
Igf2,IGF1R,122,
Igf2,IGF1R,146,
Igf2,IGF1R,147,
Lta,TNFRSF1A,13,
Lta,TNFRSF1A,36,
Lta,TNFRSF1A,37,
Lta,TNFRSF1A,38,
Lta,TNFRSF1A,153,
Lta,TNFRSF1A,154,
Lta,TNFRSF1A,155,
Lta,TNFRSF1A,156,
Lta,TNFRSF1A,157,
Lta,TNFRSF1A,158,
Lta,TNFRSF1A,159,
Lta,TNFRSF1A,160,
Lta,TNFRSF1A,161,
Lta,TNFRSF1A,162,
Lta,TNFRSF1A,163,
Lta,TNFRSF1A,164,
Lta,TNFRSF1A,165,
Lta,TNFRSF1A,166,
Lta,TNFRSF1A,242,
Lta,TNFRSF1A,265,
Lta,TNFRSF1A,266,
Lta,TNFRSF1A,355,
Lta,TNFRSF1A,356,
Lta,TNFRSF1A,357,
Lta,TNFRSF1A,358,
Lta,TNFRSF1A,359,
Lta,TNFRSF1A,360,
Lta,TNFRSF1A,361,
Lta,TNFRSF1A,362,
Lta,TNFRSF1A,363,
Lta,TNFRSF1B,12,
Lta,LTBR,243,
Lta,LTBR,244,
Lta,RIPK1,37,
Lta,RIPK1,38,
Lta,RIPK1,242,
Lta,RIPK1,256,
Lta,RIPK1,362,
Lta,RIPK1,363,
Lta,RIPK1,366,
Lta,RIPK1,367,
Lta,RIPK1,368,
Lta,RIPK1,376,
Lta,RIPK1,377,
Lta,RIPK1,378,
Tnf,TNFRSF1A,13,
Tnf,TNFRSF1A,36,
Tnf,TNFRSF1A,37,
Tnf,TNFRSF1A,38,
Tnf,TNFRSF1A,153,
Tnf,TNFRSF1A,154,
Tnf,TNFRSF1A,155,
Tnf,TNFRSF1A,156,
Tnf,TNFRSF1A,157,
Tnf,TNFRSF1A,158,
Tnf,TNFRSF1A,159,
Tnf,TNFRSF1A,160,
Tnf,TNFRSF1A,161,
Tnf,TNFRSF1A,162,
Tnf,TNFRSF1A,163,
Tnf,TNFRSF1A,164,
Tnf,TNFRSF1A,165,
Tnf,TNFRSF1A,166,
Tnf,TNFRSF1A,242,
Tnf,TNFRSF1A,265,
Tnf,TNFRSF1A,266,
Tnf,TNFRSF1A,355,
Tnf,TNFRSF1A,356,
Tnf,TNFRSF1A,357,
Tnf,TNFRSF1A,358,
Tnf,TNFRSF1A,359,
Tnf,TNFRSF1A,360,
Tnf,TNFRSF1A,361,
Tnf,TNFRSF1A,362,
Tnf,TNFRSF1A,363,
Tnf,TNFRSF1B,12,
Tnf,FAS,39,
Tnf,FAS,40,
Tnf,RIPK1,37,
Tnf,RIPK1,38,
Tnf,RIPK1,242,
Tnf,RIPK1,256,
Tnf,RIPK1,362,
Tnf,RIPK1,363,
Tnf,RIPK1,366,
Tnf,RIPK1,367,
Tnf,RIPK1,368,
Tnf,RIPK1,376,
Tnf,RIPK1,377,
Tnf,RIPK1,378,
Il1b,ADRB2,41,
Il1b,ADRB2,42,
Il1b,ADRB2,43,
Il1b,ADRB2,44,
Il1b,ADRB2,45,
Il1b,ADRB2,46,
Il1b,ADRB2,47,
Il1b,ADRB2,48,
Il1b,ADRB2,49,
Il1b,ADRB2,50,
Apoa1,TYROBP,174,
Apoa1,TYROBP,175,
Apoa1,TYROBP,176,
Apoa1,TYROBP,177,
Apoa1,TYROBP,178,
Apoa1,TYROBP,181,
Apoa1,TYROBP,182,
Apoa1,TYROBP,183,
Apoa1,TYROBP,184,
Apoa1,TYROBP,185,
Apoe,TYROBP,174,
Apoe,TYROBP,175,
Apoe,TYROBP,176,
Apoe,TYROBP,177,
Apoe,TYROBP,178,
Apoe,TYROBP,181,
Apoe,TYROBP,182,
Apoe,TYROBP,183,
Apoe,TYROBP,184,
Apoe,TYROBP,185,
Apoa2,TYROBP,174,
Apoa2,TYROBP,175,
Apoa2,TYROBP,176,
Apoa2,TYROBP,177,
Apoa2,TYROBP,178,
Apoa2,TYROBP,181,
Apoa2,TYROBP,182,
Apoa2,TYROBP,183,
Apoa2,TYROBP,184,
Apoa2,TYROBP,185,
Fn1,ITGB3,344,
Fn1,ITGB3,345,
Fn1,ITGB3,346,
Fn1,ITGB3,347,
Fn1,ITGB3,348,
Fn1,ITGB3,349,
Fn1,ITGB3,350,
Fn1,ITGB3,351,
Fn1,ITGB3,352,
Fn1,ITGAV,344,
Fn1,ITGAV,345,
Fn1,ITGAV,346,
Fn1,ITGAV,347,
Fn1,ITGAV,348,
Fn1,ITGAV,349,
Fn1,ITGAV,350,
Fn1,ITGAV,351,
Fn1,ITGAV,352,
Fn1,ITGAV,344,
Fn1,ITGB3,344,
Fn1,ITGAV,345,
Fn1,ITGB3,345,
Fn1,ITGAV,346,
Fn1,ITGB3,346,
Fn1,ITGAV,347,
Fn1,ITGB3,347,
Fn1,ITGAV,348,
Fn1,ITGB3,348,
Fn1,ITGAV,349,
Fn1,ITGB3,349,
Fn1,ITGAV,350,
Fn1,ITGB3,350,
Fn1,ITGAV,351,
Fn1,ITGB3,351,
Fn1,ITGAV,352,
Fn1,ITGB3,352,
Fn1,ITGAV,344,
Fn1,ITGAV,345,
Fn1,ITGAV,346,
Fn1,ITGAV,347,
Fn1,ITGAV,348,
Fn1,ITGAV,349,
Fn1,ITGAV,350,
Fn1,ITGAV,351,
Fn1,ITGAV,352,
Ttr,NGFR,231,
Ttr,NGFR,232,
Ttr,NGFR,233,
Ttr,NGFR,234,
Ttr,NGFR,235,
Ttr,NGFR,236,
Ttr,NGFR,237,
Ttr,NGFR,238,
Ttr,NGFR,239,
Ttr,NGFR,240,
Tff1,ESR1,57,
Tff1,ESR1,58,
Tff1,ESR1,346,
Tff1,ESR1,350,
Fgfr2,ESR1,57,
Fgfr2,ESR1,58,
Fgfr2,ESR1,346,
Fgfr2,ESR1,350,
Bdnf,ESR1,57,
Bdnf,ESR1,58,
Bdnf,ESR1,346,
Bdnf,ESR1,350,
Il25,ESR1,57,
Il25,ESR1,58,
Il25,ESR1,346,
Il25,ESR1,350,
Vtn,ITGB3,344,
Vtn,ITGB3,345,
Vtn,ITGB3,346,
Vtn,ITGB3,347,
Vtn,ITGB3,348,
Vtn,ITGB3,349,
Vtn,ITGB3,350,
Vtn,ITGB3,351,
Vtn,ITGB3,352,
Vtn,ITGAV,344,
Vtn,ITGAV,345,
Vtn,ITGAV,346,
Vtn,ITGAV,347,
Vtn,ITGAV,348,
Vtn,ITGAV,349,
Vtn,ITGAV,350,
Vtn,ITGAV,351,
Vtn,ITGAV,352,
Vtn,ITGAV,344,
Vtn,ITGB3,344,
Vtn,ITGAV,345,
Vtn,ITGB3,345,
Vtn,ITGAV,346,
Vtn,ITGB3,346,
Vtn,ITGAV,347,
Vtn,ITGB3,347,
Vtn,ITGAV,348,
Vtn,ITGB3,348,
Vtn,ITGAV,349,
Vtn,ITGB3,349,
Vtn,ITGAV,350,
Vtn,ITGB3,350,
Vtn,ITGAV,351,
Vtn,ITGB3,351,
Vtn,ITGAV,352,
Vtn,ITGB3,352,
Anxa1,FPR1,275,
Anxa1,FPR1,276,
Anxa1,FPR1,277,
Apob,TYROBP,174,
Apob,TYROBP,175,
Apob,TYROBP,176,
Apob,TYROBP,177,
Apob,TYROBP,178,
Apob,TYROBP,181,
Apob,TYROBP,182,
Apob,TYROBP,183,
Apob,TYROBP,184,
Apob,TYROBP,185,
Tff1,ESR2,57,
Tff1,ESR2,58,
Vwf,ITGAV,344,
Vwf,ITGB3,344,
Vwf,ITGAV,345,
Vwf,ITGB3,345,
Vwf,ITGAV,346,
Vwf,ITGB3,346,
Vwf,ITGAV,347,
Vwf,ITGB3,347,
Vwf,ITGAV,348,
Vwf,ITGB3,348,
Vwf,ITGAV,349,
Vwf,ITGB3,349,
Vwf,ITGAV,350,
Vwf,ITGB3,350,
Vwf,ITGAV,351,
Vwf,ITGB3,351,
Vwf,ITGAV,352,
Vwf,ITGB3,352,
Hbegf,ERBB2,7,
Hbegf,ERBB2,8,
Hbegf,ERBB2,9,
Gpi1,NTRK1,34,
Gpi1,NTRK1,35,
Gpi1,NTRK1,195,
Gpi1,NTRK1,196,
Gpi1,NTRK1,197,
Gpi1,NTRK1,198,
Gpi1,NTRK1,199,
Gpi1,NTRK1,200,
Gpi1,NTRK1,201,
Gpi1,NTRK1,202,
Gpi1,NTRK1,203,
Gpi1,NTRK1,204,
Gpi1,NTRK1,205,
Gpi1,NTRK1,206,
Ntf3,NTRK1,34,
Ntf3,NTRK1,35,
Ntf3,NTRK1,195,
Ntf3,NTRK1,196,
Ntf3,NTRK1,197,
Ntf3,NTRK1,198,
Ntf3,NTRK1,199,
Ntf3,NTRK1,200,
Ntf3,NTRK1,201,
Ntf3,NTRK1,202,
Ntf3,NTRK1,203,
Ntf3,NTRK1,204,
Ntf3,NTRK1,205,
Ntf3,NTRK1,206,
Grn,NTRK1,34,
Grn,NTRK1,35,
Grn,NTRK1,195,
Grn,NTRK1,196,
Grn,NTRK1,197,
Grn,NTRK1,198,
Grn,NTRK1,199,
Grn,NTRK1,200,
Grn,NTRK1,201,
Grn,NTRK1,202,
Grn,NTRK1,203,
Grn,NTRK1,204,
Grn,NTRK1,205,
Grn,NTRK1,206,
Nampt,NTRK1,34,
Nampt,NTRK1,35,
Nampt,NTRK1,195,
Nampt,NTRK1,196,
Nampt,NTRK1,197,
Nampt,NTRK1,198,
Nampt,NTRK1,199,
Nampt,NTRK1,200,
Nampt,NTRK1,201,
Nampt,NTRK1,202,
Nampt,NTRK1,203,
Nampt,NTRK1,204,
Nampt,NTRK1,205,
Nampt,NTRK1,206,
Copa,NTRK1,34,
Copa,NTRK1,35,
Copa,NTRK1,195,
Copa,NTRK1,196,
Copa,NTRK1,197,
Copa,NTRK1,198,
Copa,NTRK1,199,
Copa,NTRK1,200,
Copa,NTRK1,201,
Copa,NTRK1,202,
Copa,NTRK1,203,
Copa,NTRK1,204,
Copa,NTRK1,205,
Copa,NTRK1,206,
Aimp1,NTRK1,34,
Aimp1,NTRK1,35,
Aimp1,NTRK1,195,
Aimp1,NTRK1,196,
Aimp1,NTRK1,197,
Aimp1,NTRK1,198,
Aimp1,NTRK1,199,
Aimp1,NTRK1,200,
Aimp1,NTRK1,201,
Aimp1,NTRK1,202,
Aimp1,NTRK1,203,
Aimp1,NTRK1,204,
Aimp1,NTRK1,205,
Aimp1,NTRK1,206,
Rln1,AR,5,
Rln1,AR,14,
Rln1,AR,15,
Rln1,AR,17,
Rln1,AR,18,
Rln1,AR,20,
Rln1,AR,23,
Rln1,AR,24,
Rln1,AR,26,
Rln1,AR,41,
Rln1,AR,42,
Rln1,AR,43,
Rln1,AR,44,
Rln1,AR,45,
Rln1,AR,46,
Rln1,AR,47,
Rln1,AR,48,
Rln1,AR,49,
Rln1,AR,50,
Rln1,AR,54,
Rln1,AR,55,
Rln1,AR,56,
Rln1,AR,73,
Rln1,AR,80,
Rln1,AR,83,
Rln1,AR,88,
Rln1,AR,95,
Rln1,AR,98,
Rln1,AR,102,
Rln1,AR,103,
Rln1,AR,104,
Rln1,AR,105,
Rln1,AR,106,
Rln1,AR,107,
Rln1,AR,108,
Rln1,AR,109,
Rln1,AR,110,
Rln1,AR,112,
Rln1,AR,113,
Rln1,AR,118,
Rln1,AR,141,
Rln1,AR,142,
Rln1,AR,169,
Rln1,AR,173,
Rln1,AR,175,
Rln1,AR,176,
Rln1,AR,177,
Rln1,AR,182,
Rln1,AR,183,
Rln1,AR,184,
Rln1,AR,186,
Rln1,AR,188,
Rln1,AR,191,
Rln1,AR,192,
Rln1,AR,193,
Rln1,AR,249,
Rln1,AR,250,
Rln1,AR,251,
Rln1,AR,252,
Rln1,AR,275,
Rln1,AR,276,
Rln1,AR,277,
Igf1,IGF1R,3,
Igf1,IGF1R,15,
Igf1,IGF1R,119,
Igf1,IGF1R,120,
Igf1,IGF1R,121,
Igf1,IGF1R,122,
Igf1,IGF1R,146,
Igf1,IGF1R,147,
Igf1,ITGAV,344,
Igf1,ITGB3,344,
Igf1,ITGAV,345,
Igf1,ITGB3,345,
Igf1,ITGAV,346,
Igf1,ITGB3,346,
Igf1,ITGAV,347,
Igf1,ITGB3,347,
Igf1,ITGAV,348,
Igf1,ITGB3,348,
Igf1,ITGAV,349,
Igf1,ITGB3,349,
Igf1,ITGAV,350,
Igf1,ITGB3,350,
Igf1,ITGAV,351,
Igf1,ITGB3,351,
Igf1,ITGAV,352,
Igf1,ITGB3,352,
Fgf1,FGFR1,6,
Fgf1,ITGAV,344,
Fgf1,ITGB3,344,
Fgf1,ITGAV,345,
Fgf1,ITGB3,345,
Fgf1,ITGAV,346,
Fgf1,ITGB3,346,
Fgf1,ITGAV,347,
Fgf1,ITGB3,347,
Fgf1,ITGAV,348,
Fgf1,ITGB3,348,
Fgf1,ITGAV,349,
Fgf1,ITGB3,349,
Fgf1,ITGAV,350,
Fgf1,ITGB3,350,
Fgf1,ITGAV,351,
Fgf1,ITGB3,351,
Fgf1,ITGAV,352,
Fgf1,ITGB3,352,
Areg,ICAM1,256,
Areg,ICAM1,364,
Areg,ICAM1,365,
Areg,ICAM1,366,
Areg,ICAM1,367,
Areg,ICAM1,368,
Areg,ICAM1,374,
Areg,ICAM1,375,
Areg,ICAM1,376,
Areg,ICAM1,377,
Areg,ICAM1,378,
Fcer2a,CR2,174,
Fcer2a,CR2,175,
Fcer2a,CR2,176,
Fcer2a,CR2,177,
Fcer2a,CR2,178,
Fcer2a,ITGB2,179,
Fcer2a,ITGB2,180,
Fcer2a,ITGAV,344,
Fcer2a,ITGB3,344,
Fcer2a,ITGAV,345,
Fcer2a,ITGB3,345,
Fcer2a,ITGAV,346,
Fcer2a,ITGB3,346,
Fcer2a,ITGAV,347,
Fcer2a,ITGB3,347,
Fcer2a,ITGAV,348,
Fcer2a,ITGB3,348,
Fcer2a,ITGAV,349,
Fcer2a,ITGB3,349,
Fcer2a,ITGAV,350,
Fcer2a,ITGB3,350,
Fcer2a,ITGAV,351,
Fcer2a,ITGB3,351,
Fcer2a,ITGAV,352,
Fcer2a,ITGB3,352,
Fcer2a,ITGB2,179,
Fcer2a,ITGB2,180,
Vegfb,ADRB2,41,
Vegfb,ADRB2,42,
Vegfb,ADRB2,43,
Vegfb,ADRB2,44,
Vegfb,ADRB2,45,
Vegfb,ADRB2,46,
Vegfb,ADRB2,47,
Vegfb,ADRB2,48,
Vegfb,ADRB2,49,
Vegfb,ADRB2,50,
Ntf3,NGFR,231,
Ntf3,NGFR,232,
Ntf3,NGFR,233,
Ntf3,NGFR,234,
Ntf3,NGFR,235,
Ntf3,NGFR,236,
Ntf3,NGFR,237,
Ntf3,NGFR,238,
Ntf3,NGFR,239,
Ntf3,NGFR,240,
Bdnf,NGFR,231,
Bdnf,NGFR,232,
Bdnf,NGFR,233,
Bdnf,NGFR,234,
Bdnf,NGFR,235,
Bdnf,NGFR,236,
Bdnf,NGFR,237,
Bdnf,NGFR,238,
Bdnf,NGFR,239,
Bdnf,NGFR,240,
Ntf5,NGFR,231,
Ntf5,NGFR,232,
Ntf5,NGFR,233,
Ntf5,NGFR,234,
Ntf5,NGFR,235,
Ntf5,NGFR,236,
Ntf5,NGFR,237,
Ntf5,NGFR,238,
Ntf5,NGFR,239,
Ntf5,NGFR,240,
Il2,NGFR,231,
Il2,NGFR,232,
Il2,NGFR,233,
Il2,NGFR,234,
Il2,NGFR,235,
Il2,NGFR,236,
Il2,NGFR,237,
Il2,NGFR,238,
Il2,NGFR,239,
Il2,NGFR,240,
Mmp2,ITGAV,344,
Mmp2,ITGB3,344,
Mmp2,ITGAV,345,
Mmp2,ITGB3,345,
Mmp2,ITGAV,346,
Mmp2,ITGB3,346,
Mmp2,ITGAV,347,
Mmp2,ITGB3,347,
Mmp2,ITGAV,348,
Mmp2,ITGB3,348,
Mmp2,ITGAV,349,
Mmp2,ITGB3,349,
Mmp2,ITGAV,350,
Mmp2,ITGB3,350,
Mmp2,ITGAV,351,
Mmp2,ITGB3,351,
Mmp2,ITGAV,352,
Mmp2,ITGB3,352,
Hgf,MET,7,
Hgf,MET,8,
Hgf,MET,9,
Fgf4,FGFR1,6,
Ddc,HTR1A,41,
Ddc,HTR1A,42,
Ddc,HTR1A,43,
Ddc,HTR1A,44,
Ddc,HTR1A,45,
Ddc,HTR1A,46,
Ddc,HTR1A,47,
Ddc,HTR1A,48,
Ddc,HTR1A,49,
Ddc,HTR1A,50,
Fgf2,FGFR1,6,
Fgf2,ITGAV,344,
Fgf2,ITGB3,344,
Fgf2,ITGAV,345,
Fgf2,ITGB3,345,
Fgf2,ITGAV,346,
Fgf2,ITGB3,346,
Fgf2,ITGAV,347,
Fgf2,ITGB3,347,
Fgf2,ITGAV,348,
Fgf2,ITGB3,348,
Fgf2,ITGAV,349,
Fgf2,ITGB3,349,
Fgf2,ITGAV,350,
Fgf2,ITGB3,350,
Fgf2,ITGAV,351,
Fgf2,ITGB3,351,
Fgf2,ITGAV,352,
Fgf2,ITGB3,352,
Pyy,NPY1R,41,
Pyy,NPY1R,42,
Pyy,NPY1R,43,
Pyy,NPY1R,44,
Pyy,NPY1R,45,
Pyy,NPY1R,46,
Pyy,NPY1R,47,
Pyy,NPY1R,48,
Pyy,NPY1R,49,
Pyy,NPY1R,50,
Akr1d1,AR,5,
Akr1d1,AR,14,
Akr1d1,AR,15,
Akr1d1,AR,17,
Akr1d1,AR,18,
Akr1d1,AR,20,
Akr1d1,AR,23,
Akr1d1,AR,24,
Akr1d1,AR,26,
Akr1d1,AR,41,
Akr1d1,AR,42,
Akr1d1,AR,43,
Akr1d1,AR,44,
Akr1d1,AR,45,
Akr1d1,AR,46,
Akr1d1,AR,47,
Akr1d1,AR,48,
Akr1d1,AR,49,
Akr1d1,AR,50,
Akr1d1,AR,54,
Akr1d1,AR,55,
Akr1d1,AR,56,
Akr1d1,AR,73,
Akr1d1,AR,80,
Akr1d1,AR,83,
Akr1d1,AR,88,
Akr1d1,AR,95,
Akr1d1,AR,98,
Akr1d1,AR,102,
Akr1d1,AR,103,
Akr1d1,AR,104,
Akr1d1,AR,105,
Akr1d1,AR,106,
Akr1d1,AR,107,
Akr1d1,AR,108,
Akr1d1,AR,109,
Akr1d1,AR,110,
Akr1d1,AR,112,
Akr1d1,AR,113,
Akr1d1,AR,118,
Akr1d1,AR,141,
Akr1d1,AR,142,
Akr1d1,AR,169,
Akr1d1,AR,173,
Akr1d1,AR,175,
Akr1d1,AR,176,
Akr1d1,AR,177,
Akr1d1,AR,182,
Akr1d1,AR,183,
Akr1d1,AR,184,
Akr1d1,AR,186,
Akr1d1,AR,188,
Akr1d1,AR,191,
Akr1d1,AR,192,
Akr1d1,AR,193,
Akr1d1,AR,249,
Akr1d1,AR,250,
Akr1d1,AR,251,
Akr1d1,AR,252,
Akr1d1,AR,275,
Akr1d1,AR,276,
Akr1d1,AR,277,
Hsd17b12,AR,5,
Hsd17b12,AR,14,
Hsd17b12,AR,15,
Hsd17b12,AR,17,
Hsd17b12,AR,18,
Hsd17b12,AR,20,
Hsd17b12,AR,23,
Hsd17b12,AR,24,
Hsd17b12,AR,26,
Hsd17b12,AR,41,
Hsd17b12,AR,42,
Hsd17b12,AR,43,
Hsd17b12,AR,44,
Hsd17b12,AR,45,
Hsd17b12,AR,46,
Hsd17b12,AR,47,
Hsd17b12,AR,48,
Hsd17b12,AR,49,
Hsd17b12,AR,50,
Hsd17b12,AR,54,
Hsd17b12,AR,55,
Hsd17b12,AR,56,
Hsd17b12,AR,73,
Hsd17b12,AR,80,
Hsd17b12,AR,83,
Hsd17b12,AR,88,
Hsd17b12,AR,95,
Hsd17b12,AR,98,
Hsd17b12,AR,102,
Hsd17b12,AR,103,
Hsd17b12,AR,104,
Hsd17b12,AR,105,
Hsd17b12,AR,106,
Hsd17b12,AR,107,
Hsd17b12,AR,108,
Hsd17b12,AR,109,
Hsd17b12,AR,110,
Hsd17b12,AR,112,
Hsd17b12,AR,113,
Hsd17b12,AR,118,
Hsd17b12,AR,141,
Hsd17b12,AR,142,
Hsd17b12,AR,169,
Hsd17b12,AR,173,
Hsd17b12,AR,175,
Hsd17b12,AR,176,
Hsd17b12,AR,177,
Hsd17b12,AR,182,
Hsd17b12,AR,183,
Hsd17b12,AR,184,
Hsd17b12,AR,186,
Hsd17b12,AR,188,
Hsd17b12,AR,191,
Hsd17b12,AR,192,
Hsd17b12,AR,193,
Hsd17b12,AR,249,
Hsd17b12,AR,250,
Hsd17b12,AR,251,
Hsd17b12,AR,252,
Hsd17b12,AR,275,
Hsd17b12,AR,276,
Hsd17b12,AR,277,
Hsd17b3,AR,5,
Hsd17b3,AR,14,
Hsd17b3,AR,15,
Hsd17b3,AR,17,
Hsd17b3,AR,18,
Hsd17b3,AR,20,
Hsd17b3,AR,23,
Hsd17b3,AR,24,
Hsd17b3,AR,26,
Hsd17b3,AR,41,
Hsd17b3,AR,42,
Hsd17b3,AR,43,
Hsd17b3,AR,44,
Hsd17b3,AR,45,
Hsd17b3,AR,46,
Hsd17b3,AR,47,
Hsd17b3,AR,48,
Hsd17b3,AR,49,
Hsd17b3,AR,50,
Hsd17b3,AR,54,
Hsd17b3,AR,55,
Hsd17b3,AR,56,
Hsd17b3,AR,73,
Hsd17b3,AR,80,
Hsd17b3,AR,83,
Hsd17b3,AR,88,
Hsd17b3,AR,95,
Hsd17b3,AR,98,
Hsd17b3,AR,102,
Hsd17b3,AR,103,
Hsd17b3,AR,104,
Hsd17b3,AR,105,
Hsd17b3,AR,106,
Hsd17b3,AR,107,
Hsd17b3,AR,108,
Hsd17b3,AR,109,
Hsd17b3,AR,110,
Hsd17b3,AR,112,
Hsd17b3,AR,113,
Hsd17b3,AR,118,
Hsd17b3,AR,141,
Hsd17b3,AR,142,
Hsd17b3,AR,169,
Hsd17b3,AR,173,
Hsd17b3,AR,175,
Hsd17b3,AR,176,
Hsd17b3,AR,177,
Hsd17b3,AR,182,
Hsd17b3,AR,183,
Hsd17b3,AR,184,
Hsd17b3,AR,186,
Hsd17b3,AR,188,
Hsd17b3,AR,191,
Hsd17b3,AR,192,
Hsd17b3,AR,193,
Hsd17b3,AR,249,
Hsd17b3,AR,250,
Hsd17b3,AR,251,
Hsd17b3,AR,252,
Hsd17b3,AR,275,
Hsd17b3,AR,276,
Hsd17b3,AR,277,
Spp1,ITGAV,344,
Spp1,ITGB3,344,
Spp1,ITGAV,345,
Spp1,ITGB3,345,
Spp1,ITGAV,346,
Spp1,ITGB3,346,
Spp1,ITGAV,347,
Spp1,ITGB3,347,
Spp1,ITGAV,348,
Spp1,ITGB3,348,
Spp1,ITGAV,349,
Spp1,ITGB3,349,
Spp1,ITGAV,350,
Spp1,ITGB3,350,
Spp1,ITGAV,351,
Spp1,ITGB3,351,
Spp1,ITGAV,352,
Spp1,ITGB3,352,
Tgfb3,TGFBR1,6,
Tgfb3,TGFBR2,6,
Tgfb3,TGFBR2,6,
Tgfb3,ITGAV,344,
Tgfb3,ITGAV,345,
Tgfb3,ITGAV,346,
Tgfb3,ITGAV,347,
Tgfb3,ITGAV,348,
Tgfb3,ITGAV,349,
Tgfb3,ITGAV,350,
Tgfb3,ITGAV,351,
Tgfb3,ITGAV,352,
Tgfb3,ITGAV,344,
Tgfb3,ITGAV,345,
Tgfb3,ITGAV,346,
Tgfb3,ITGAV,347,
Tgfb3,ITGAV,348,
Tgfb3,ITGAV,349,
Tgfb3,ITGAV,350,
Tgfb3,ITGAV,351,
Tgfb3,ITGAV,352,
Kitl,KIT,168,
Fgf6,FGFR1,6,
Clu,TYROBP,174,
Clu,TYROBP,175,
Clu,TYROBP,176,
Clu,TYROBP,177,
Clu,TYROBP,178,
Clu,TYROBP,181,
Clu,TYROBP,182,
Clu,TYROBP,183,
Clu,TYROBP,184,
Clu,TYROBP,185,
Lamc1,ITGAV,344,
Lamc1,ITGB3,344,
Lamc1,ITGAV,345,
Lamc1,ITGB3,345,
Lamc1,ITGAV,346,
Lamc1,ITGB3,346,
Lamc1,ITGAV,347,
Lamc1,ITGB3,347,
Lamc1,ITGAV,348,
Lamc1,ITGB3,348,
Lamc1,ITGAV,349,
Lamc1,ITGB3,349,
Lamc1,ITGAV,350,
Lamc1,ITGB3,350,
Lamc1,ITGAV,351,
Lamc1,ITGB3,351,
Lamc1,ITGAV,352,
Lamc1,ITGB3,352,
Fgf5,FGFR1,6,
Ncam1,FGFR1,6,
Ddc,DRD2,41,
Ddc,DRD2,42,
Ddc,DRD2,43,
Ddc,DRD2,44,
Ddc,DRD2,45,
Ddc,DRD2,46,
Ddc,DRD2,47,
Ddc,DRD2,48,
Ddc,DRD2,49,
Ddc,DRD2,50,
Ddc,DRD2,279,
Vegfa,KDR,379,
Vegfa,KDR,380,
Gphb5_Gpha2,TSHR,353,
Gphb5_Gpha2,TSHR,354,
Cga_Tshb,TSHR,353,
Cga_Tshb,TSHR,354,
Adcyap1,ADCYAP1R1,140,
Grn,TNFRSF1A,13,
Grn,TNFRSF1A,36,
Grn,TNFRSF1A,37,
Grn,TNFRSF1A,38,
Grn,TNFRSF1A,153,
Grn,TNFRSF1A,154,
Grn,TNFRSF1A,155,
Grn,TNFRSF1A,156,
Grn,TNFRSF1A,157,
Grn,TNFRSF1A,158,
Grn,TNFRSF1A,159,
Grn,TNFRSF1A,160,
Grn,TNFRSF1A,161,
Grn,TNFRSF1A,162,
Grn,TNFRSF1A,163,
Grn,TNFRSF1A,164,
Grn,TNFRSF1A,165,
Grn,TNFRSF1A,166,
Grn,TNFRSF1A,242,
Grn,TNFRSF1A,265,
Grn,TNFRSF1A,266,
Grn,TNFRSF1A,355,
Grn,TNFRSF1A,356,
Grn,TNFRSF1A,357,
Grn,TNFRSF1A,358,
Grn,TNFRSF1A,359,
Grn,TNFRSF1A,360,
Grn,TNFRSF1A,361,
Grn,TNFRSF1A,362,
Grn,TNFRSF1A,363,
Fasl,TNFRSF1A,13,
Fasl,TNFRSF1A,36,
Fasl,TNFRSF1A,37,
Fasl,TNFRSF1A,38,
Fasl,TNFRSF1A,153,
Fasl,TNFRSF1A,154,
Fasl,TNFRSF1A,155,
Fasl,TNFRSF1A,156,
Fasl,TNFRSF1A,157,
Fasl,TNFRSF1A,158,
Fasl,TNFRSF1A,159,
Fasl,TNFRSF1A,160,
Fasl,TNFRSF1A,161,
Fasl,TNFRSF1A,162,
Fasl,TNFRSF1A,163,
Fasl,TNFRSF1A,164,
Fasl,TNFRSF1A,165,
Fasl,TNFRSF1A,166,
Fasl,TNFRSF1A,242,
Fasl,TNFRSF1A,265,
Fasl,TNFRSF1A,266,
Fasl,TNFRSF1A,355,
Fasl,TNFRSF1A,356,
Fasl,TNFRSF1A,357,
Fasl,TNFRSF1A,358,
Fasl,TNFRSF1A,359,
Fasl,TNFRSF1A,360,
Fasl,TNFRSF1A,361,
Fasl,TNFRSF1A,362,
Fasl,TNFRSF1A,363,
Grn,TNFRSF1B,12,
Ntf3,NTRK3,219,
Ntf3,NTRK3,220,
Ntf3,NTRK3,221,
Ntf3,NTRK3,222,
Ntf3,NTRK3,223,
Ntf3,NTRK3,224,
Ntf3,NTRK3,225,
Ntf3,NTRK3,226,
Ntf3,NTRK3,227,
Ntf3,NTRK3,228,
Ntf3,NTRK3,229,
Ntf3,NTRK3,230,
Ntf3,NTRK2,207,
Ntf3,NTRK2,208,
Ntf3,NTRK2,209,
Ntf3,NTRK2,210,
Ntf3,NTRK2,211,
Ntf3,NTRK2,212,
Ntf3,NTRK2,213,
Ntf3,NTRK2,214,
Ntf3,NTRK2,215,
Ntf3,NTRK2,216,
Ntf3,NTRK2,217,
Ntf3,NTRK2,218,
Edn2,EDNRA,41,
Edn2,EDNRA,42,
Edn2,EDNRA,43,
Edn2,EDNRA,44,
Edn2,EDNRA,45,
Edn2,EDNRA,46,
Edn2,EDNRA,47,
Edn2,EDNRA,48,
Edn2,EDNRA,49,
Edn2,EDNRA,50,
Bdnf,NTRK2,207,
Bdnf,NTRK2,208,
Bdnf,NTRK2,209,
Bdnf,NTRK2,210,
Bdnf,NTRK2,211,
Bdnf,NTRK2,212,
Bdnf,NTRK2,213,
Bdnf,NTRK2,214,
Bdnf,NTRK2,215,
Bdnf,NTRK2,216,
Bdnf,NTRK2,217,
Bdnf,NTRK2,218,
Tnc,ITGAV,344,
Tnc,ITGB3,344,
Tnc,ITGAV,345,
Tnc,ITGB3,345,
Tnc,ITGAV,346,
Tnc,ITGB3,346,
Tnc,ITGAV,347,
Tnc,ITGB3,347,
Tnc,ITGAV,348,
Tnc,ITGB3,348,
Tnc,ITGAV,349,
Tnc,ITGB3,349,
Tnc,ITGAV,350,
Tnc,ITGB3,350,
Tnc,ITGAV,351,
Tnc,ITGB3,351,
Tnc,ITGAV,352,
Tnc,ITGB3,352,
Tnc,ITGAV,344,
Tnc,ITGAV,345,
Tnc,ITGAV,346,
Tnc,ITGAV,347,
Tnc,ITGAV,348,
Tnc,ITGAV,349,
Tnc,ITGAV,350,
Tnc,ITGAV,351,
Tnc,ITGAV,352,
Fasl,FAS,39,
Fasl,FAS,40,
Cd40lg,CD40,247,
Cd40lg,CD40,248,
Insl3,CD40,247,
Insl3,CD40,248,
Tnfsf13b,CD40,247,
Tnfsf13b,CD40,248,
Ddc,HTR1D,41,
Ddc,HTR1D,42,
Ddc,HTR1D,43,
Ddc,HTR1D,44,
Ddc,HTR1D,45,
Ddc,HTR1D,46,
Ddc,HTR1D,47,
Ddc,HTR1D,48,
Ddc,HTR1D,49,
Ddc,HTR1D,50,
Ddc,HTR1B,41,
Ddc,HTR1B,42,
Ddc,HTR1B,43,
Ddc,HTR1B,44,
Ddc,HTR1B,45,
Ddc,HTR1B,46,
Ddc,HTR1B,47,
Ddc,HTR1B,48,
Ddc,HTR1B,49,
Ddc,HTR1B,50,
Nampt,ADORA2A,275,
Nampt,ADORA2A,276,
Nampt,ADORA2A,277,
Cd40lg,ITGB3,344,
Cd40lg,ITGB3,345,
Cd40lg,ITGB3,346,
Cd40lg,ITGB3,347,
Cd40lg,ITGB3,348,
Cd40lg,ITGB3,349,
Cd40lg,ITGB3,350,
Cd40lg,ITGB3,351,
Cd40lg,ITGB3,352,
Sst,SSTR1,41,
Sst,SSTR1,42,
Sst,SSTR1,43,
Sst,SSTR1,44,
Sst,SSTR1,45,
Sst,SSTR1,46,
Sst,SSTR1,47,
Sst,SSTR1,48,
Sst,SSTR1,49,
Sst,SSTR1,50,
Sst,SSTR2,41,
Sst,SSTR2,42,
Sst,SSTR2,43,
Sst,SSTR2,44,
Sst,SSTR2,45,
Sst,SSTR2,46,
Sst,SSTR2,47,
Sst,SSTR2,48,
Sst,SSTR2,49,
Sst,SSTR2,50,
Ddc,HTR1F,41,
Ddc,HTR1F,42,
Ddc,HTR1F,43,
Ddc,HTR1F,44,
Ddc,HTR1F,45,
Ddc,HTR1F,46,
Ddc,HTR1F,47,
Ddc,HTR1F,48,
Ddc,HTR1F,49,
Ddc,HTR1F,50,
Ntf5,NTRK2,207,
Ntf5,NTRK2,208,
Ntf5,NTRK2,209,
Ntf5,NTRK2,210,
Ntf5,NTRK2,211,
Ntf5,NTRK2,212,
Ntf5,NTRK2,213,
Ntf5,NTRK2,214,
Ntf5,NTRK2,215,
Ntf5,NTRK2,216,
Ntf5,NTRK2,217,
Ntf5,NTRK2,218,
Sst,SSTR5,41,
Sst,SSTR5,42,
Sst,SSTR5,43,
Sst,SSTR5,44,
Sst,SSTR5,45,
Sst,SSTR5,46,
Sst,SSTR5,47,
Sst,SSTR5,48,
Sst,SSTR5,49,
Sst,SSTR5,50,
Apln,APLNR,28,
Apln,APLNR,29,
Apln,APLNR,30,
Apln,APLNR,31,
Apln,APLNR,32,
Apln,APLNR,33,
Vegfc,KDR,379,
Vegfc,KDR,380,
Ccl11,PPARG,14,
Ccl11,PPARG,15,
Ccl11,PPARG,17,
Ccl11,PPARG,18,
Ccl11,PPARG,20,
Ccl11,PPARG,23,
Ccl11,PPARG,24,
Ccl11,PPARG,26,
Lep,LEPR,11,
Lep,LEPR,22,
Lep,LEPR,23,
Lep,LEPR,24,
Lep,LEPR,25,
Lep,LEPR,26,
Lep,LEPR,27,
Ptges,PTGER3,41,
Ptges,PTGER3,42,
Ptges,PTGER3,43,
Ptges,PTGER3,44,
Ptges,PTGER3,45,
Ptges,PTGER3,46,
Ptges,PTGER3,47,
Ptges,PTGER3,48,
Ptges,PTGER3,49,
Ptges,PTGER3,50,
Ptges2,PTGER3,41,
Ptges2,PTGER3,42,
Ptges2,PTGER3,43,
Ptges2,PTGER3,44,
Ptges2,PTGER3,45,
Ptges2,PTGER3,46,
Ptges2,PTGER3,47,
Ptges2,PTGER3,48,
Ptges2,PTGER3,49,
Ptges2,PTGER3,50,
Ptges3,PTGER3,41,
Ptges3,PTGER3,42,
Ptges3,PTGER3,43,
Ptges3,PTGER3,44,
Ptges3,PTGER3,45,
Ptges3,PTGER3,46,
Ptges3,PTGER3,47,
Ptges3,PTGER3,48,
Ptges3,PTGER3,49,
Ptges3,PTGER3,50,
Ghrl,PTGER3,41,
Ghrl,PTGER3,42,
Ghrl,PTGER3,43,
Ghrl,PTGER3,44,
Ghrl,PTGER3,45,
Ghrl,PTGER3,46,
Ghrl,PTGER3,47,
Ghrl,PTGER3,48,
Ghrl,PTGER3,49,
Ghrl,PTGER3,50,
Rarres2,GPR1,129,
Rarres2,GPR1,139,
Tnfsf10,RIPK1,37,
Tnfsf10,RIPK1,38,
Tnfsf10,RIPK1,242,
Tnfsf10,RIPK1,256,
Tnfsf10,RIPK1,362,
Tnfsf10,RIPK1,363,
Tnfsf10,RIPK1,366,
Tnfsf10,RIPK1,367,
Tnfsf10,RIPK1,368,
Tnfsf10,RIPK1,376,
Tnfsf10,RIPK1,377,
Tnfsf10,RIPK1,378,
Tgfb2,TGFBR1,6,
Tgfb2,TGFBR2,6,
Tgfb2,TGFBR2,6,
Plaur,ITGAV,344,
Plaur,ITGB3,344,
Plaur,ITGAV,345,
Plaur,ITGB3,345,
Plaur,ITGAV,346,
Plaur,ITGB3,346,
Plaur,ITGAV,347,
Plaur,ITGB3,347,
Plaur,ITGAV,348,
Plaur,ITGB3,348,
Plaur,ITGAV,349,
Plaur,ITGB3,349,
Plaur,ITGAV,350,
Plaur,ITGB3,350,
Plaur,ITGAV,351,
Plaur,ITGB3,351,
Plaur,ITGAV,352,
Plaur,ITGB3,352,
Il24,ESR2,57,
Il24,ESR2,58,
Icam4,ITGB2,179,
Icam4,ITGAL,179,
Icam4,ITGB2,180,
Icam4,ITGAL,180,
Fam3c,PDCD1,322,
Fam3c,PDCD1,323,
Fam3c,PDCD1,324,
Fam3c,PDCD1,325,
Fam3c,PDCD1,326,
Fam3c,PDCD1,327,
Fam3c,PDCD1,328,
Fam3c,PDCD1,329,
Fam3c,PDCD1,330,
Fam3c,PDCD1,331,
Fam3c,PDCD1,332,
Fam3c,PDCD1,333,
Fam3c,PDCD1,334,
Fam3c,PDCD1,335,
Fam3c,PDCD1,336,
Fam3c,PDCD1,337,
Pdcd1lg2,PDCD1,322,
Pdcd1lg2,PDCD1,323,
Pdcd1lg2,PDCD1,324,
Pdcd1lg2,PDCD1,325,
Pdcd1lg2,PDCD1,326,
Pdcd1lg2,PDCD1,327,
Pdcd1lg2,PDCD1,328,
Pdcd1lg2,PDCD1,329,
Pdcd1lg2,PDCD1,330,
Pdcd1lg2,PDCD1,331,
Pdcd1lg2,PDCD1,332,
Pdcd1lg2,PDCD1,333,
Pdcd1lg2,PDCD1,334,
Pdcd1lg2,PDCD1,335,
Pdcd1lg2,PDCD1,336,
Pdcd1lg2,PDCD1,337,
Nectin4,NECTIN1,4,
Nectin4,NECTIN1,5,
Ntn4,NTRK2,207,
Ntn4,NTRK2,208,
Ntn4,NTRK2,209,
Ntn4,NTRK2,210,
Ntn4,NTRK2,211,
Ntn4,NTRK2,212,
Ntn4,NTRK2,213,
Ntn4,NTRK2,214,
Ntn4,NTRK2,215,
Ntn4,NTRK2,216,
Ntn4,NTRK2,217,
Ntn4,NTRK2,218,
Clcf1,ESR2,57,
Clcf1,ESR2,58,
Leap2,GHSR,41,
Leap2,GHSR,42,
Leap2,GHSR,43,
Leap2,GHSR,44,
Leap2,GHSR,45,
Leap2,GHSR,46,
Leap2,GHSR,47,
Leap2,GHSR,48,
Leap2,GHSR,49,
Leap2,GHSR,50,
Ghrl,GHSR,41,
Ghrl,GHSR,42,
Ghrl,GHSR,43,
Ghrl,GHSR,44,
Ghrl,GHSR,45,
Ghrl,GHSR,46,
Ghrl,GHSR,47,
Ghrl,GHSR,48,
Ghrl,GHSR,49,
Ghrl,GHSR,50,
Tnfsf13b,TNFRSF13C,245,
Tnfsf13b,TNFRSF13C,246,
Omd,ITGAV,344,
Omd,ITGB3,344,
Omd,ITGAV,345,
Omd,ITGB3,345,
Omd,ITGAV,346,
Omd,ITGB3,346,
Omd,ITGAV,347,
Omd,ITGB3,347,
Omd,ITGAV,348,
Omd,ITGB3,348,
Omd,ITGAV,349,
Omd,ITGB3,349,
Omd,ITGAV,350,
Omd,ITGB3,350,
Omd,ITGAV,351,
Omd,ITGB3,351,
Omd,ITGAV,352,
Omd,ITGB3,352,
Jam3,ITGB2,179,
Jam3,ITGB2,180,
